label,path,title,source,author,license
ayala_center,ayala_center/86Makati_Central_Business_District_Landmarks_15.jpg,File:86Makati Central Business District Landmarks 15.jpg,https://commons.wikimedia.org/wiki/File:86Makati_Central_Business_District_Landmarks_15.jpg,Judgefloro,CC0
ayala_center,ayala_center/86Makati_Central_Business_District_Landmarks_16.jpg,File:86Makati Central Business District Landmarks 16.jpg,https://commons.wikimedia.org/wiki/File:86Makati_Central_Business_District_Landmarks_16.jpg,Judgefloro,CC0
ayala_center,ayala_center/9763Makati_Central_Business_District_Ayala_Greenbelt_Landmarks_01.jpg,File:9763Makati Central Business District Ayala Greenbelt Landmarks 01.jpg,https://commons.wikimedia.org/wiki/File:9763Makati_Central_Business_District_Ayala_Greenbelt_Landmarks_01.jpg,Judgefloro,CC0
ayala_center,ayala_center/9763Makati_Central_Business_District_Ayala_Greenbelt_Landmarks_02.jpg,File:9763Makati Central Business District Ayala Greenbelt Landmarks 02.jpg,https://commons.wikimedia.org/wiki/File:9763Makati_Central_Business_District_Ayala_Greenbelt_Landmarks_02.jpg,Judgefloro,CC0
ayala_center,ayala_center/9763Makati_Central_Business_District_Ayala_Greenbelt_Landmarks_03.jpg,File:9763Makati Central Business District Ayala Greenbelt Landmarks 03.jpg,https://commons.wikimedia.org/wiki/File:9763Makati_Central_Business_District_Ayala_Greenbelt_Landmarks_03.jpg,Judgefloro,CC0
ayala_center,ayala_center/9763Makati_Central_Business_District_Ayala_Greenbelt_Landmarks_04.jpg,File:9763Makati Central Business District Ayala Greenbelt Landmarks 04.jpg,https://commons.wikimedia.org/wiki/File:9763Makati_Central_Business_District_Ayala_Greenbelt_Landmarks_04.jpg,Judgefloro,CC0
ayala_center,ayala_center/9763Makati_Central_Business_District_Ayala_Greenbelt_Landmarks_05.jpg,File:9763Makati Central Business District Ayala Greenbelt Landmarks 05.jpg,https://commons.wikimedia.org/wiki/File:9763Makati_Central_Business_District_Ayala_Greenbelt_Landmarks_05.jpg,Judgefloro,CC0
ayala_center,ayala_center/9763Makati_Central_Business_District_Ayala_Greenbelt_Landmarks_06.jpg,File:9763Makati Central Business District Ayala Greenbelt Landmarks 06.jpg,https://commons.wikimedia.org/wiki/File:9763Makati_Central_Business_District_Ayala_Greenbelt_Landmarks_06.jpg,Judgefloro,CC0
ayala_center,ayala_center/9763Makati_Central_Business_District_Ayala_Greenbelt_Landmarks_07.jpg,File:9763Makati Central Business District Ayala Greenbelt Landmarks 07.jpg,https://commons.wikimedia.org/wiki/File:9763Makati_Central_Business_District_Ayala_Greenbelt_Landmarks_07.jpg,Judgefloro,CC0
ayala_center,ayala_center/9763Makati_Central_Business_District_Ayala_Greenbelt_Landmarks_08.jpg,File:9763Makati Central Business District Ayala Greenbelt Landmarks 08.jpg,https://commons.wikimedia.org/wiki/File:9763Makati_Central_Business_District_Ayala_Greenbelt_Landmarks_08.jpg,Judgefloro,CC0
ayala_center,ayala_center/Glorettamakatifacade.jpg,File:Glorettamakatifacade.jpg,https://commons.wikimedia.org/wiki/File:Glorettamakatifacade.jpg,Themanilaxperience,CC BY-SA 4.0
ayala_center,ayala_center/Makati_Avenue_and_Ayala_Avenue_Intersection_Makati_City_July_2023.jpg,"File:Makati Avenue and Ayala Avenue Intersection, Makati City, July 2023.jpg","https://commons.wikimedia.org/wiki/File:Makati_Avenue_and_Ayala_Avenue_Intersection,_Makati_City,_July_2023.jpg",Ralff Nestor Nacor,CC BY-SA 4.0
ayala_center,ayala_center/Paseo_de_Roxas_and_Ayala_Avenue_Intersection_Makati_City_July_2023.jpg,"File:Paseo de Roxas and Ayala Avenue Intersection, Makati City, July 2023.jpg","https://commons.wikimedia.org/wiki/File:Paseo_de_Roxas_and_Ayala_Avenue_Intersection,_Makati_City,_July_2023.jpg",Ralff Nestor Nacor,CC BY-SA 4.0
ayala_center,ayala_center/V.A._Rufino_St._and_Ayala_Avenue_Intersection_Makati_City_July_2023.jpg,"File:V.A. Rufino St. and Ayala Avenue Intersection, Makati City, July 2023.jpg","https://commons.wikimedia.org/wiki/File:V.A._Rufino_St._and_Ayala_Avenue_Intersection,_Makati_City,_July_2023.jpg",Ralff Nestor Nacor,CC BY-SA 4.0
ayala_malls_circuit,ayala_malls_circuit/07935jfExterior_of_Circuit_Lane_Ayala_Malls_Circuit_Carmona_Makatifvf_01.jpg,File:07935jfExterior of Circuit Lane Ayala Malls Circuit Carmona Makatifvf 01.jpg,https://commons.wikimedia.org/wiki/File:07935jfExterior_of_Circuit_Lane_Ayala_Malls_Circuit_Carmona_Makatifvf_01.jpg,Judgefloro,CC0
ayala_malls_circuit,ayala_malls_circuit/07935jfExterior_of_Circuit_Lane_Ayala_Malls_Circuit_Carmona_Makatifvf_09.jpg,File:07935jfExterior of Circuit Lane Ayala Malls Circuit Carmona Makatifvf 09.jpg,https://commons.wikimedia.org/wiki/File:07935jfExterior_of_Circuit_Lane_Ayala_Malls_Circuit_Carmona_Makatifvf_09.jpg,Judgefloro,CC0
ayala_malls_circuit,ayala_malls_circuit/07935jfExterior_of_Circuit_Lane_Ayala_Malls_Circuit_Carmona_Makatifvf_17.jpg,File:07935jfExterior of Circuit Lane Ayala Malls Circuit Carmona Makatifvf 17.jpg,https://commons.wikimedia.org/wiki/File:07935jfExterior_of_Circuit_Lane_Ayala_Malls_Circuit_Carmona_Makatifvf_17.jpg,Judgefloro,CC0
ayala_malls_circuit,ayala_malls_circuit/07935jfExterior_of_Circuit_Lane_Ayala_Malls_Circuit_Carmona_Makatifvf_21.jpg,File:07935jfExterior of Circuit Lane Ayala Malls Circuit Carmona Makatifvf 21.jpg,https://commons.wikimedia.org/wiki/File:07935jfExterior_of_Circuit_Lane_Ayala_Malls_Circuit_Carmona_Makatifvf_21.jpg,Judgefloro,CC0
ayala_malls_circuit,ayala_malls_circuit/07935jfExterior_of_Circuit_Lane_Ayala_Malls_Circuit_Carmona_Makatifvf_22.jpg,File:07935jfExterior of Circuit Lane Ayala Malls Circuit Carmona Makatifvf 22.jpg,https://commons.wikimedia.org/wiki/File:07935jfExterior_of_Circuit_Lane_Ayala_Malls_Circuit_Carmona_Makatifvf_22.jpg,Judgefloro,CC0
ayala_malls_circuit,ayala_malls_circuit/07935jfExterior_of_Circuit_Lane_Ayala_Malls_Circuit_Carmona_Makatifvf_23.jpg,File:07935jfExterior of Circuit Lane Ayala Malls Circuit Carmona Makatifvf 23.jpg,https://commons.wikimedia.org/wiki/File:07935jfExterior_of_Circuit_Lane_Ayala_Malls_Circuit_Carmona_Makatifvf_23.jpg,Judgefloro,CC0
ayala_malls_circuit,ayala_malls_circuit/07935jfExterior_of_Circuit_Lane_Ayala_Malls_Circuit_Carmona_Makatifvf_35.jpg,File:07935jfExterior of Circuit Lane Ayala Malls Circuit Carmona Makatifvf 35.jpg,https://commons.wikimedia.org/wiki/File:07935jfExterior_of_Circuit_Lane_Ayala_Malls_Circuit_Carmona_Makatifvf_35.jpg,Judgefloro,CC0
ayala_malls_circuit,ayala_malls_circuit/08205jfSunsets_Carmona_Circuit_Makati_Ayala_Mallsfvf_43.jpg,File:08205jfSunsets Carmona Circuit Makati Ayala Mallsfvf 43.jpg,https://commons.wikimedia.org/wiki/File:08205jfSunsets_Carmona_Circuit_Makati_Ayala_Mallsfvf_43.jpg,Judgefloro,CC0
ayala_malls_circuit,ayala_malls_circuit/08205jfSunsets_Carmona_Circuit_Makati_Ayala_Mallsfvf_44.jpg,File:08205jfSunsets Carmona Circuit Makati Ayala Mallsfvf 44.jpg,https://commons.wikimedia.org/wiki/File:08205jfSunsets_Carmona_Circuit_Makati_Ayala_Mallsfvf_44.jpg,Judgefloro,CC0
ayala_malls_circuit,ayala_malls_circuit/08250jfSunsets_Carmona_Circuit_Makati_Ayala_Mallsfvf_08.jpg,File:08250jfSunsets Carmona Circuit Makati Ayala Mallsfvf 08.jpg,https://commons.wikimedia.org/wiki/File:08250jfSunsets_Carmona_Circuit_Makati_Ayala_Mallsfvf_08.jpg,Judgefloro,CC0
ayala_malls_circuit,ayala_malls_circuit/08250jfSunsets_Carmona_Circuit_Makati_Ayala_Mallsfvf_11.jpg,File:08250jfSunsets Carmona Circuit Makati Ayala Mallsfvf 11.jpg,https://commons.wikimedia.org/wiki/File:08250jfSunsets_Carmona_Circuit_Makati_Ayala_Mallsfvf_11.jpg,Judgefloro,CC0
ayala_malls_circuit,ayala_malls_circuit/08250jfSunsets_Carmona_Circuit_Makati_Ayala_Mallsfvf_17.jpg,File:08250jfSunsets Carmona Circuit Makati Ayala Mallsfvf 17.jpg,https://commons.wikimedia.org/wiki/File:08250jfSunsets_Carmona_Circuit_Makati_Ayala_Mallsfvf_17.jpg,Judgefloro,CC0
ayala_malls_circuit,ayala_malls_circuit/08250jfSunsets_Carmona_Circuit_Makati_Ayala_Mallsfvf_20.jpg,File:08250jfSunsets Carmona Circuit Makati Ayala Mallsfvf 20.jpg,https://commons.wikimedia.org/wiki/File:08250jfSunsets_Carmona_Circuit_Makati_Ayala_Mallsfvf_20.jpg,Judgefloro,CC0
ayala_malls_circuit,ayala_malls_circuit/08250jfSunsets_Carmona_Circuit_Makati_Ayala_Mallsfvf_23.jpg,File:08250jfSunsets Carmona Circuit Makati Ayala Mallsfvf 23.jpg,https://commons.wikimedia.org/wiki/File:08250jfSunsets_Carmona_Circuit_Makati_Ayala_Mallsfvf_23.jpg,Judgefloro,CC0
ayala_malls_circuit,ayala_malls_circuit/08250jfSunsets_Carmona_Circuit_Makati_Ayala_Mallsfvf_24.jpg,File:08250jfSunsets Carmona Circuit Makati Ayala Mallsfvf 24.jpg,https://commons.wikimedia.org/wiki/File:08250jfSunsets_Carmona_Circuit_Makati_Ayala_Mallsfvf_24.jpg,Judgefloro,CC0
ayala_malls_circuit,ayala_malls_circuit/08250jfSunsets_Carmona_Circuit_Makati_Ayala_Mallsfvf_26.jpg,File:08250jfSunsets Carmona Circuit Makati Ayala Mallsfvf 26.jpg,https://commons.wikimedia.org/wiki/File:08250jfSunsets_Carmona_Circuit_Makati_Ayala_Mallsfvf_26.jpg,Judgefloro,CC0
ayala_malls_circuit,ayala_malls_circuit/08250jfSunsets_Carmona_Circuit_Makati_Ayala_Mallsfvf_28.jpg,File:08250jfSunsets Carmona Circuit Makati Ayala Mallsfvf 28.jpg,https://commons.wikimedia.org/wiki/File:08250jfSunsets_Carmona_Circuit_Makati_Ayala_Mallsfvf_28.jpg,Judgefloro,CC0
ayala_malls_circuit,ayala_malls_circuit/08250jfSunsets_Carmona_Circuit_Makati_Ayala_Mallsfvf_30.jpg,File:08250jfSunsets Carmona Circuit Makati Ayala Mallsfvf 30.jpg,https://commons.wikimedia.org/wiki/File:08250jfSunsets_Carmona_Circuit_Makati_Ayala_Mallsfvf_30.jpg,Judgefloro,CC0
ayala_malls_circuit,ayala_malls_circuit/08250jfSunsets_Carmona_Circuit_Makati_Ayala_Mallsfvf_32.jpg,File:08250jfSunsets Carmona Circuit Makati Ayala Mallsfvf 32.jpg,https://commons.wikimedia.org/wiki/File:08250jfSunsets_Carmona_Circuit_Makati_Ayala_Mallsfvf_32.jpg,Judgefloro,CC0
ayala_malls_circuit,ayala_malls_circuit/09975JfBarangays_Carmona_Buildings_Construction_Circuit_Ayala_Malls_Makati_Cityfvf_08.jpg,File:09975JfBarangays Carmona Buildings Construction Circuit Ayala Malls Makati Cityfvf 08.jpg,https://commons.wikimedia.org/wiki/File:09975JfBarangays_Carmona_Buildings_Construction_Circuit_Ayala_Malls_Makati_Cityfvf_08.jpg,Judgefloro,CC0
ayala_malls_circuit,ayala_malls_circuit/09975JfBarangays_Carmona_Buildings_Construction_Circuit_Ayala_Malls_Makati_Cityfvf_17.jpg,File:09975JfBarangays Carmona Buildings Construction Circuit Ayala Malls Makati Cityfvf 17.jpg,https://commons.wikimedia.org/wiki/File:09975JfBarangays_Carmona_Buildings_Construction_Circuit_Ayala_Malls_Makati_Cityfvf_17.jpg,Judgefloro,CC0
ayala_malls_circuit,ayala_malls_circuit/Ayala_Malls_Circuit_Makati.jpg,File:Ayala Malls Circuit Makati.jpg,https://commons.wikimedia.org/wiki/File:Ayala_Malls_Circuit_Makati.jpg,A.C.T. Alejandre,CC BY-SA 4.0
ayala_museum,ayala_museum/Ayala_Museum_Makati_Feb_2025_4_.jpg,"File:Ayala Museum, Makati, Feb 2025 (4).jpg","https://commons.wikimedia.org/wiki/File:Ayala_Museum,_Makati,_Feb_2025_(4).jpg",Ralff Nestor Nacor,CC BY-SA 4.0
ayala_museum,ayala_museum/Ayala_Museum_Marker_May_2024.jpg,"File:Ayala Museum Marker, May 2024.jpg","https://commons.wikimedia.org/wiki/File:Ayala_Museum_Marker,_May_2024.jpg",Ralff Nestor Nacor,CC BY-SA 4.0
ayala_museum,ayala_museum/Filipinas_Heritage_Library_-_Ayala_Museum_logo.jpg,File:Filipinas Heritage Library - Ayala Museum logo.jpg,https://commons.wikimedia.org/wiki/File:Filipinas_Heritage_Library_-_Ayala_Museum_logo.jpg,Ralff Nestor Nacor,CC BY-SA 4.0
ayala_museum,ayala_museum/Filipinas_Heritage_Library_-_Ayala_Museum_logo_2_.jpg,File:Filipinas Heritage Library - Ayala Museum logo (2).jpg,https://commons.wikimedia.org/wiki/File:Filipinas_Heritage_Library_-_Ayala_Museum_logo_(2).jpg,Ralff Nestor Nacor,CC BY-SA 4.0
ayala_museum,ayala_museum/The_DIary_of_Tetsuya_Noda_at_the_Ayala_Museum.jpg,File:The DIary of Tetsuya Noda at the Ayala Museum.jpg,https://commons.wikimedia.org/wiki/File:The_DIary_of_Tetsuya_Noda_at_the_Ayala_Museum.jpg,Satoshikyo,CC BY-SA 4.0
glorietta,glorietta/Busy_Makati_night_with_InterContinental_500px_photo_.jpg,File:Busy Makati night with InterContinental (500px photo).jpg,https://commons.wikimedia.org/wiki/File:Busy_Makati_night_with_InterContinental_(500px_photo).jpg,Anton Domingo,CC BY 3.0
glorietta,glorietta/Glo12facade.jpg,File:Glo12facade.jpg,https://commons.wikimedia.org/wiki/File:Glo12facade.jpg,Timothy2170,CC BY-SA 3.0
glorietta,glorietta/Glorietta_17106108838_.jpg,File:Glorietta (17106108838).jpg,https://commons.wikimedia.org/wiki/File:Glorietta_(17106108838).jpg,"Jorge Láscar from Melbourne, Australia",CC BY 2.0
glorietta,glorietta/Glorietta_2024.jpg,File:Glorietta 2024.jpg,https://commons.wikimedia.org/wiki/File:Glorietta_2024.jpg,ScarletViolet,CC BY-SA 4.0
glorietta,glorietta/Glorietta_Park_View.jpg,File:Glorietta Park View.jpg,https://commons.wikimedia.org/wiki/File:Glorietta_Park_View.jpg,Ganmatthew,CC0
glorietta,glorietta/Glorietta_Square_Makati_Metro_Manila_52265013633_.jpg,"File:Glorietta Square Makati, Metro Manila (52265013633).jpg","https://commons.wikimedia.org/wiki/File:Glorietta_Square_Makati,_Metro_Manila_(52265013633).jpg","Dinesh Valke from Thane, India",CC BY-SA 2.0
glorietta,glorietta/Glorietta_Square_Makati_Metro_Manila_52265481340_.jpg,"File:Glorietta Square Makati, Metro Manila (52265481340).jpg","https://commons.wikimedia.org/wiki/File:Glorietta_Square_Makati,_Metro_Manila_(52265481340).jpg","Dinesh Valke from Thane, India",CC BY-SA 2.0
glorietta,glorietta/Glorietta_Uniqlo.jpg,File:Glorietta Uniqlo.jpg,https://commons.wikimedia.org/wiki/File:Glorietta_Uniqlo.jpg,ScarletViolet,CC BY-SA 4.0
glorietta,glorietta/Salo-Salo_Sa_Sanlo_Grand_Santacruzan_37.jpg,File:Salo-Salo Sa Sanlo Grand Santacruzan 37.jpg,https://commons.wikimedia.org/wiki/File:Salo-Salo_Sa_Sanlo_Grand_Santacruzan_37.jpg,FJoseVF,CC BY-SA 4.0
greenbelt,greenbelt/173Makati_Central_Business_District_Landmarks_02.jpg,File:173Makati Central Business District Landmarks 02.jpg,https://commons.wikimedia.org/wiki/File:173Makati_Central_Business_District_Landmarks_02.jpg,Judgefloro,CC0
greenbelt,greenbelt/173Makati_Central_Business_District_Landmarks_07.jpg,File:173Makati Central Business District Landmarks 07.jpg,https://commons.wikimedia.org/wiki/File:173Makati_Central_Business_District_Landmarks_07.jpg,Judgefloro,CC0
greenbelt,greenbelt/173Makati_Central_Business_District_Landmarks_14.jpg,File:173Makati Central Business District Landmarks 14.jpg,https://commons.wikimedia.org/wiki/File:173Makati_Central_Business_District_Landmarks_14.jpg,Judgefloro,CC0
greenbelt,greenbelt/173Makati_Central_Business_District_Landmarks_21.jpg,File:173Makati Central Business District Landmarks 21.jpg,https://commons.wikimedia.org/wiki/File:173Makati_Central_Business_District_Landmarks_21.jpg,Judgefloro,CC0
greenbelt,greenbelt/9763Makati_Central_Business_District_Ayala_Greenbelt_Landmarks_21.jpg,File:9763Makati Central Business District Ayala Greenbelt Landmarks 21.jpg,https://commons.wikimedia.org/wiki/File:9763Makati_Central_Business_District_Ayala_Greenbelt_Landmarks_21.jpg,Judgefloro,CC0
greenbelt,greenbelt/9862Makati_Central_Business_District_Ayala_Greenbelt_Landmarks_01.jpg,File:9862Makati Central Business District Ayala Greenbelt Landmarks 01.jpg,https://commons.wikimedia.org/wiki/File:9862Makati_Central_Business_District_Ayala_Greenbelt_Landmarks_01.jpg,Judgefloro,CC0
greenbelt,greenbelt/9862Makati_Central_Business_District_Ayala_Greenbelt_Landmarks_21.jpg,File:9862Makati Central Business District Ayala Greenbelt Landmarks 21.jpg,https://commons.wikimedia.org/wiki/File:9862Makati_Central_Business_District_Ayala_Greenbelt_Landmarks_21.jpg,Judgefloro,CC0
greenbelt,greenbelt/9912Makati_Central_Business_District_Ayala_Greenbelt_Landmarks_26.jpg,File:9912Makati Central Business District Ayala Greenbelt Landmarks 26.jpg,https://commons.wikimedia.org/wiki/File:9912Makati_Central_Business_District_Ayala_Greenbelt_Landmarks_26.jpg,Judgefloro,CC0
greenbelt,greenbelt/9912Makati_Central_Business_District_Ayala_Greenbelt_Landmarks_27.jpg,File:9912Makati Central Business District Ayala Greenbelt Landmarks 27.jpg,https://commons.wikimedia.org/wiki/File:9912Makati_Central_Business_District_Ayala_Greenbelt_Landmarks_27.jpg,Judgefloro,CC0
greenbelt,greenbelt/9912Makati_Central_Business_District_Ayala_Greenbelt_Landmarks_37.jpg,File:9912Makati Central Business District Ayala Greenbelt Landmarks 37.jpg,https://commons.wikimedia.org/wiki/File:9912Makati_Central_Business_District_Ayala_Greenbelt_Landmarks_37.jpg,Judgefloro,CC0
greenbelt,greenbelt/9912Makati_Central_Business_District_Ayala_Greenbelt_Landmarks_43.jpg,File:9912Makati Central Business District Ayala Greenbelt Landmarks 43.jpg,https://commons.wikimedia.org/wiki/File:9912Makati_Central_Business_District_Ayala_Greenbelt_Landmarks_43.jpg,Judgefloro,CC0
greenbelt,greenbelt/9964Makati_Central_Business_District_Ayala_Greenbelt_Landmarks_01.jpg,File:9964Makati Central Business District Ayala Greenbelt Landmarks 01.jpg,https://commons.wikimedia.org/wiki/File:9964Makati_Central_Business_District_Ayala_Greenbelt_Landmarks_01.jpg,Judgefloro,CC0
greenbelt,greenbelt/9964Makati_Central_Business_District_Ayala_Greenbelt_Landmarks_09.jpg,File:9964Makati Central Business District Ayala Greenbelt Landmarks 09.jpg,https://commons.wikimedia.org/wiki/File:9964Makati_Central_Business_District_Ayala_Greenbelt_Landmarks_09.jpg,Judgefloro,CC0
greenbelt,greenbelt/9964Makati_Central_Business_District_Ayala_Greenbelt_Landmarks_10.jpg,File:9964Makati Central Business District Ayala Greenbelt Landmarks 10.jpg,https://commons.wikimedia.org/wiki/File:9964Makati_Central_Business_District_Ayala_Greenbelt_Landmarks_10.jpg,Judgefloro,CC0
greenbelt,greenbelt/9964Makati_Central_Business_District_Ayala_Greenbelt_Landmarks_17.jpg,File:9964Makati Central Business District Ayala Greenbelt Landmarks 17.jpg,https://commons.wikimedia.org/wiki/File:9964Makati_Central_Business_District_Ayala_Greenbelt_Landmarks_17.jpg,Judgefloro,CC0
greenbelt,greenbelt/9964Makati_Central_Business_District_Ayala_Greenbelt_Landmarks_18.jpg,File:9964Makati Central Business District Ayala Greenbelt Landmarks 18.jpg,https://commons.wikimedia.org/wiki/File:9964Makati_Central_Business_District_Ayala_Greenbelt_Landmarks_18.jpg,Judgefloro,CC0
greenbelt,greenbelt/9964Makati_Central_Business_District_Ayala_Greenbelt_Landmarks_20.jpg,File:9964Makati Central Business District Ayala Greenbelt Landmarks 20.jpg,https://commons.wikimedia.org/wiki/File:9964Makati_Central_Business_District_Ayala_Greenbelt_Landmarks_20.jpg,Judgefloro,CC0
greenbelt,greenbelt/9964Makati_Central_Business_District_Ayala_Greenbelt_Landmarks_21.jpg,File:9964Makati Central Business District Ayala Greenbelt Landmarks 21.jpg,https://commons.wikimedia.org/wiki/File:9964Makati_Central_Business_District_Ayala_Greenbelt_Landmarks_21.jpg,Judgefloro,CC0
greenbelt,greenbelt/9964Makati_Central_Business_District_Ayala_Greenbelt_Landmarks_25.jpg,File:9964Makati Central Business District Ayala Greenbelt Landmarks 25.jpg,https://commons.wikimedia.org/wiki/File:9964Makati_Central_Business_District_Ayala_Greenbelt_Landmarks_25.jpg,Judgefloro,CC0
greenbelt,greenbelt/9964Makati_Central_Business_District_Ayala_Greenbelt_Landmarks_33.jpg,File:9964Makati Central Business District Ayala Greenbelt Landmarks 33.jpg,https://commons.wikimedia.org/wiki/File:9964Makati_Central_Business_District_Ayala_Greenbelt_Landmarks_33.jpg,Judgefloro,CC0
greenbelt,greenbelt/Greenbelt_Makati_Drop_Off_Taxi_Stand.jpg,File:Greenbelt Makati Drop Off Taxi Stand.jpg,https://commons.wikimedia.org/wiki/File:Greenbelt_Makati_Drop_Off_Taxi_Stand.jpg,Top5 Pilipinas YT,CC BY-SA 4.0
greenbelt,greenbelt/Greenbelt_Mall_Manila.jpg,File:Greenbelt Mall Manila.JPG,https://commons.wikimedia.org/wiki/File:Greenbelt_Mall_Manila.JPG,User: (WT-shared) Shoestring at  wts wikivoyage,Public domain
greenbelt,greenbelt/Greenbelt_Park_Makati_Jul_2024.jpg,"File:Greenbelt Park, Makati, Jul 2024.jpg","https://commons.wikimedia.org/wiki/File:Greenbelt_Park,_Makati,_Jul_2024.jpg",Ralff Nestor Nacor,CC BY-SA 4.0
greenbelt,greenbelt/Manila_Makati_Philippines.jpg,"File:Manila, Makati, Philippines.jpg","https://commons.wikimedia.org/wiki/File:Manila,_Makati,_Philippines.jpg",Vyacheslav Argenberg,CC BY 4.0
makati_city_hall,makati_city_hall/09518jfMakati_City_Halls_Quadrangle_Complex_Jose_Rizal_monumentfvf_05.jpg,File:09518jfMakati City Halls Quadrangle Complex Jose Rizal monumentfvf 05.jpg,https://commons.wikimedia.org/wiki/File:09518jfMakati_City_Halls_Quadrangle_Complex_Jose_Rizal_monumentfvf_05.jpg,Judgefloro,CC0
makati_city_hall,makati_city_hall/09518jfMakati_City_Halls_Quadrangle_Complex_Jose_Rizal_monumentfvf_06.jpg,File:09518jfMakati City Halls Quadrangle Complex Jose Rizal monumentfvf 06.jpg,https://commons.wikimedia.org/wiki/File:09518jfMakati_City_Halls_Quadrangle_Complex_Jose_Rizal_monumentfvf_06.jpg,Judgefloro,CC0
makati_city_hall,makati_city_hall/09518jfMakati_City_Halls_Quadrangle_Complex_Jose_Rizal_monumentfvf_07.jpg,File:09518jfMakati City Halls Quadrangle Complex Jose Rizal monumentfvf 07.jpg,https://commons.wikimedia.org/wiki/File:09518jfMakati_City_Halls_Quadrangle_Complex_Jose_Rizal_monumentfvf_07.jpg,Judgefloro,CC0
makati_city_hall,makati_city_hall/09518jfMakati_City_Halls_Quadrangle_Complex_Jose_Rizal_monumentfvf_08.jpg,File:09518jfMakati City Halls Quadrangle Complex Jose Rizal monumentfvf 08.jpg,https://commons.wikimedia.org/wiki/File:09518jfMakati_City_Halls_Quadrangle_Complex_Jose_Rizal_monumentfvf_08.jpg,Judgefloro,CC0
makati_city_hall,makati_city_hall/09562jfMakati_City_Halls_Quadrangle_Complex_Jose_Rizal_monumentfvf_18.jpg,File:09562jfMakati City Halls Quadrangle Complex Jose Rizal monumentfvf 18.jpg,https://commons.wikimedia.org/wiki/File:09562jfMakati_City_Halls_Quadrangle_Complex_Jose_Rizal_monumentfvf_18.jpg,Judgefloro,CC0
makati_city_hall,makati_city_hall/09562jfMakati_City_Halls_Quadrangle_Complex_Jose_Rizal_monumentfvf_21.jpg,File:09562jfMakati City Halls Quadrangle Complex Jose Rizal monumentfvf 21.jpg,https://commons.wikimedia.org/wiki/File:09562jfMakati_City_Halls_Quadrangle_Complex_Jose_Rizal_monumentfvf_21.jpg,Judgefloro,CC0
makati_city_hall,makati_city_hall/09562jfMakati_City_Halls_Quadrangle_Complex_Jose_Rizal_monumentfvf_23.jpg,File:09562jfMakati City Halls Quadrangle Complex Jose Rizal monumentfvf 23.jpg,https://commons.wikimedia.org/wiki/File:09562jfMakati_City_Halls_Quadrangle_Complex_Jose_Rizal_monumentfvf_23.jpg,Judgefloro,CC0
makati_city_hall,makati_city_hall/09562jfMakati_City_Halls_Quadrangle_Complex_Jose_Rizal_monumentfvf_27.jpg,File:09562jfMakati City Halls Quadrangle Complex Jose Rizal monumentfvf 27.jpg,https://commons.wikimedia.org/wiki/File:09562jfMakati_City_Halls_Quadrangle_Complex_Jose_Rizal_monumentfvf_27.jpg,Judgefloro,CC0
makati_city_hall,makati_city_hall/09562jfMakati_City_Halls_Quadrangle_Complex_Jose_Rizal_monumentfvf_29.jpg,File:09562jfMakati City Halls Quadrangle Complex Jose Rizal monumentfvf 29.jpg,https://commons.wikimedia.org/wiki/File:09562jfMakati_City_Halls_Quadrangle_Complex_Jose_Rizal_monumentfvf_29.jpg,Judgefloro,CC0
makati_city_hall,makati_city_hall/09562jfMakati_City_Halls_Quadrangle_Complex_Jose_Rizal_monumentfvf_30.jpg,File:09562jfMakati City Halls Quadrangle Complex Jose Rizal monumentfvf 30.jpg,https://commons.wikimedia.org/wiki/File:09562jfMakati_City_Halls_Quadrangle_Complex_Jose_Rizal_monumentfvf_30.jpg,Judgefloro,CC0
makati_city_hall,makati_city_hall/09562jfMakati_City_Halls_Quadrangle_Complex_Jose_Rizal_monumentfvf_36.jpg,File:09562jfMakati City Halls Quadrangle Complex Jose Rizal monumentfvf 36.jpg,https://commons.wikimedia.org/wiki/File:09562jfMakati_City_Halls_Quadrangle_Complex_Jose_Rizal_monumentfvf_36.jpg,Judgefloro,CC0
makati_city_hall,makati_city_hall/09562jfMakati_City_Halls_Quadrangle_Complex_Jose_Rizal_monumentfvf_37.jpg,File:09562jfMakati City Halls Quadrangle Complex Jose Rizal monumentfvf 37.jpg,https://commons.wikimedia.org/wiki/File:09562jfMakati_City_Halls_Quadrangle_Complex_Jose_Rizal_monumentfvf_37.jpg,Judgefloro,CC0
makati_city_hall,makati_city_hall/09562jfMakati_City_Halls_Quadrangle_Complex_Jose_Rizal_monumentfvf_39.jpg,File:09562jfMakati City Halls Quadrangle Complex Jose Rizal monumentfvf 39.jpg,https://commons.wikimedia.org/wiki/File:09562jfMakati_City_Halls_Quadrangle_Complex_Jose_Rizal_monumentfvf_39.jpg,Judgefloro,CC0
makati_city_hall,makati_city_hall/09562jfMakati_City_Halls_Quadrangle_Complex_Jose_Rizal_monumentfvf_45.jpg,File:09562jfMakati City Halls Quadrangle Complex Jose Rizal monumentfvf 45.jpg,https://commons.wikimedia.org/wiki/File:09562jfMakati_City_Halls_Quadrangle_Complex_Jose_Rizal_monumentfvf_45.jpg,Judgefloro,CC0
makati_city_hall,makati_city_hall/09607jfMakati_City_Halls_Quadrangle_Complex_Jose_Rizal_monumentfvf_02.jpg,File:09607jfMakati City Halls Quadrangle Complex Jose Rizal monumentfvf 02.jpg,https://commons.wikimedia.org/wiki/File:09607jfMakati_City_Halls_Quadrangle_Complex_Jose_Rizal_monumentfvf_02.jpg,Judgefloro,CC0
makati_city_hall,makati_city_hall/09607jfMakati_City_Halls_Quadrangle_Complex_Jose_Rizal_monumentfvf_07.jpg,File:09607jfMakati City Halls Quadrangle Complex Jose Rizal monumentfvf 07.jpg,https://commons.wikimedia.org/wiki/File:09607jfMakati_City_Halls_Quadrangle_Complex_Jose_Rizal_monumentfvf_07.jpg,Judgefloro,CC0
makati_city_hall,makati_city_hall/09607jfMakati_City_Halls_Quadrangle_Complex_Jose_Rizal_monumentfvf_13.jpg,File:09607jfMakati City Halls Quadrangle Complex Jose Rizal monumentfvf 13.jpg,https://commons.wikimedia.org/wiki/File:09607jfMakati_City_Halls_Quadrangle_Complex_Jose_Rizal_monumentfvf_13.jpg,Judgefloro,CC0
makati_city_hall,makati_city_hall/09607jfMakati_City_Halls_Quadrangle_Complex_Jose_Rizal_monumentfvf_16.jpg,File:09607jfMakati City Halls Quadrangle Complex Jose Rizal monumentfvf 16.jpg,https://commons.wikimedia.org/wiki/File:09607jfMakati_City_Halls_Quadrangle_Complex_Jose_Rizal_monumentfvf_16.jpg,Judgefloro,CC0
makati_city_hall,makati_city_hall/09607jfMakati_City_Halls_Quadrangle_Complex_Jose_Rizal_monumentfvf_19.jpg,File:09607jfMakati City Halls Quadrangle Complex Jose Rizal monumentfvf 19.jpg,https://commons.wikimedia.org/wiki/File:09607jfMakati_City_Halls_Quadrangle_Complex_Jose_Rizal_monumentfvf_19.jpg,Judgefloro,CC0
makati_city_hall,makati_city_hall/09607jfMakati_City_Halls_Quadrangle_Complex_Jose_Rizal_monumentfvf_22.jpg,File:09607jfMakati City Halls Quadrangle Complex Jose Rizal monumentfvf 22.jpg,https://commons.wikimedia.org/wiki/File:09607jfMakati_City_Halls_Quadrangle_Complex_Jose_Rizal_monumentfvf_22.jpg,Judgefloro,CC0
makati_city_hall,makati_city_hall/09607jfMakati_City_Halls_Quadrangle_Complex_Jose_Rizal_monumentfvf_25.jpg,File:09607jfMakati City Halls Quadrangle Complex Jose Rizal monumentfvf 25.jpg,https://commons.wikimedia.org/wiki/File:09607jfMakati_City_Halls_Quadrangle_Complex_Jose_Rizal_monumentfvf_25.jpg,Judgefloro,CC0
makati_city_hall,makati_city_hall/09607jfMakati_City_Halls_Quadrangle_Complex_Jose_Rizal_monumentfvf_26.jpg,File:09607jfMakati City Halls Quadrangle Complex Jose Rizal monumentfvf 26.jpg,https://commons.wikimedia.org/wiki/File:09607jfMakati_City_Halls_Quadrangle_Complex_Jose_Rizal_monumentfvf_26.jpg,Judgefloro,CC0
makati_city_hall,makati_city_hall/09607jfMakati_City_Halls_Quadrangle_Complex_Jose_Rizal_monumentfvf_32.jpg,File:09607jfMakati City Halls Quadrangle Complex Jose Rizal monumentfvf 32.jpg,https://commons.wikimedia.org/wiki/File:09607jfMakati_City_Halls_Quadrangle_Complex_Jose_Rizal_monumentfvf_32.jpg,Judgefloro,CC0
makati_city_hall,makati_city_hall/09652jfMakati_City_Halls_Quadrangle_Complex_Jose_Rizal_monumentfvf_39.jpg,File:09652jfMakati City Halls Quadrangle Complex Jose Rizal monumentfvf 39.jpg,https://commons.wikimedia.org/wiki/File:09652jfMakati_City_Halls_Quadrangle_Complex_Jose_Rizal_monumentfvf_39.jpg,Judgefloro,CC0
makati_city_hall,makati_city_hall/09652jfMakati_City_Halls_Quadrangle_Complex_Jose_Rizal_monumentfvf_40.jpg,File:09652jfMakati City Halls Quadrangle Complex Jose Rizal monumentfvf 40.jpg,https://commons.wikimedia.org/wiki/File:09652jfMakati_City_Halls_Quadrangle_Complex_Jose_Rizal_monumentfvf_40.jpg,Judgefloro,CC0
makati_city_hall,makati_city_hall/09652jfMakati_City_Halls_Quadrangle_Complex_Jose_Rizal_monumentfvf_44.jpg,File:09652jfMakati City Halls Quadrangle Complex Jose Rizal monumentfvf 44.jpg,https://commons.wikimedia.org/wiki/File:09652jfMakati_City_Halls_Quadrangle_Complex_Jose_Rizal_monumentfvf_44.jpg,Judgefloro,CC0
makati_city_hall,makati_city_hall/09697jfMakati_City_Halls_Quadrangle_Complex_Jose_Rizal_monumentfvf_29.jpg,File:09697jfMakati City Halls Quadrangle Complex Jose Rizal monumentfvf 29.jpg,https://commons.wikimedia.org/wiki/File:09697jfMakati_City_Halls_Quadrangle_Complex_Jose_Rizal_monumentfvf_29.jpg,Judgefloro,CC0
makati_city_hall,makati_city_hall/09697jfMakati_City_Halls_Quadrangle_Complex_Jose_Rizal_monumentfvf_31.jpg,File:09697jfMakati City Halls Quadrangle Complex Jose Rizal monumentfvf 31.jpg,https://commons.wikimedia.org/wiki/File:09697jfMakati_City_Halls_Quadrangle_Complex_Jose_Rizal_monumentfvf_31.jpg,Judgefloro,CC0
makati_city_hall,makati_city_hall/Makati_City_Hall_front_elevation.jpg,File:Makati City Hall front elevation.jpg,https://commons.wikimedia.org/wiki/File:Makati_City_Hall_front_elevation.jpg,Aerous,CC BY-SA 4.0
makati_city_hall,makati_city_hall/Old_Makati_City_Hall_J.P._Rizal_Makati_06-20-2021_.jpg,"File:Old Makati City Hall (J.P. Rizal, Makati; 06-20-2021).jpg","https://commons.wikimedia.org/wiki/File:Old_Makati_City_Hall_(J.P._Rizal,_Makati;_06-20-2021).jpg",patrickroque01,CC BY-SA 4.0
makati_city_hall,makati_city_hall/Old_Makati_City_Hall_facade.jpg,File:Old Makati City Hall facade.jpg,https://commons.wikimedia.org/wiki/File:Old_Makati_City_Hall_facade.jpg,Roel Balingit,CC BY-SA 4.0
makati_city_hall,makati_city_hall/Old_and_new_Makati_City_Hall.jpg,File:Old and new Makati City Hall.jpg,https://commons.wikimedia.org/wiki/File:Old_and_new_Makati_City_Hall.jpg,Roel Balingit,CC BY-SA 4.0
makati_city_hall,makati_city_hall/Views_of_rivers_Pasig_Ferry_31.jpg,File:Views of rivers Pasig Ferry 31.jpg,https://commons.wikimedia.org/wiki/File:Views_of_rivers_Pasig_Ferry_31.jpg,E911a,CC BY-SA 4.0
one_ayala,one_ayala/One_Ayala_Entrance_from_MRT_3_Ayala_Station_Makati_City.jpg,"File:One Ayala Entrance from MRT 3 Ayala Station, Makati City.jpg","https://commons.wikimedia.org/wiki/File:One_Ayala_Entrance_from_MRT_3_Ayala_Station,_Makati_City.jpg",Ralff Nestor Nacor,CC BY-SA 4.0
one_ayala,one_ayala/One_Ayala_MRT_Ayala_entrance.jpg,File:One Ayala MRT Ayala entrance.jpg,https://commons.wikimedia.org/wiki/File:One_Ayala_MRT_Ayala_entrance.jpg,Hariboneagle927,CC0
one_ayala,one_ayala/One_Ayala_bus_terminal_1.jpg,File:One Ayala bus terminal 1.jpg,https://commons.wikimedia.org/wiki/File:One_Ayala_bus_terminal_1.jpg,Hariboneagle927,CC0
one_ayala,one_ayala/One_Ayala_bus_terminal_2.jpg,File:One Ayala bus terminal 2.jpg,https://commons.wikimedia.org/wiki/File:One_Ayala_bus_terminal_2.jpg,Hariboneagle927,CC0
powerplant_mall,powerplant_mall/Rockwell_Power_Plant_Mall_A_Dec_6_2024_.jpg,"File:Rockwell Power Plant Mall A (Dec 6, 2024).jpg","https://commons.wikimedia.org/wiki/File:Rockwell_Power_Plant_Mall_A_(Dec_6,_2024).jpg",RFNirmala,CC0
powerplant_mall,powerplant_mall/Rockwell_Power_Plant_Mall_B_Dec_6_2024_.jpg,"File:Rockwell Power Plant Mall B (Dec 6, 2024).jpg","https://commons.wikimedia.org/wiki/File:Rockwell_Power_Plant_Mall_B_(Dec_6,_2024).jpg",RFNirmala,CC0
powerplant_mall,powerplant_mall/Rockwell_Power_Plant_Mall_C_Dec_6_2024_.jpg,"File:Rockwell Power Plant Mall C (Dec 6, 2024).jpg","https://commons.wikimedia.org/wiki/File:Rockwell_Power_Plant_Mall_C_(Dec_6,_2024).jpg",RFNirmala,CC0
powerplant_mall,powerplant_mall/Rockwell_Power_Plant_Mall_D_Dec_6_2024_.jpg,"File:Rockwell Power Plant Mall D (Dec 6, 2024).jpg","https://commons.wikimedia.org/wiki/File:Rockwell_Power_Plant_Mall_D_(Dec_6,_2024).jpg",RFNirmala,CC0
powerplant_mall,powerplant_mall/Rockwell_Power_Plant_Mall_F_Dec_6_2024_.jpg,"File:Rockwell Power Plant Mall F (Dec 6, 2024).jpg","https://commons.wikimedia.org/wiki/File:Rockwell_Power_Plant_Mall_F_(Dec_6,_2024).jpg",RFNirmala,CC0
powerplant_mall,powerplant_mall/Rockwell_Power_Plant_Mall_G_Dec_6_2024_.jpg,"File:Rockwell Power Plant Mall G (Dec 6, 2024).jpg","https://commons.wikimedia.org/wiki/File:Rockwell_Power_Plant_Mall_G_(Dec_6,_2024).jpg",RFNirmala,CC0
rcbc_plaza,rcbc_plaza/9502City_Hall_of_Manila_01.jpg,File:9502City Hall of Manila 01.jpg,https://commons.wikimedia.org/wiki/File:9502City_Hall_of_Manila_01.jpg,Judgefloro,CC0
rcbc_plaza,rcbc_plaza/Ermita_Manila_City_Metro_Manila_Districts_2023-08-20_E911a_23.jpg,File:Ermita Manila City (Metro Manila Districts; 2023-08-20) E911a 23.jpg,https://commons.wikimedia.org/wiki/File:Ermita_Manila_City_(Metro_Manila_Districts;_2023-08-20)_E911a_23.jpg,E911a,CC BY-SA 4.0
rcbc_plaza,rcbc_plaza/Ermita_Manila_City_Metro_Manila_Districts_2023-08-20_E911a_27.jpg,File:Ermita Manila City (Metro Manila Districts; 2023-08-20) E911a 27.jpg,https://commons.wikimedia.org/wiki/File:Ermita_Manila_City_(Metro_Manila_Districts;_2023-08-20)_E911a_27.jpg,E911a,CC BY-SA 4.0
rcbc_plaza,rcbc_plaza/The_Amazing_Views_of_RCBC_Plaza_Makati_City.jpg,"File:The Amazing Views of RCBC Plaza, Makati City.jpg","https://commons.wikimedia.org/wiki/File:The_Amazing_Views_of_RCBC_Plaza,_Makati_City.jpg",Ralff Nestor Nacor,CC BY-SA 4.0
rcbc_plaza,rcbc_plaza/The_Spirit_of_EDSA_Monument_Makati_City_Jul_2024.jpg,"File:The Spirit of EDSA Monument, Makati City, Jul 2024.jpg","https://commons.wikimedia.org/wiki/File:The_Spirit_of_EDSA_Monument,_Makati_City,_Jul_2024.jpg",Ralff Nestor Nacor,CC BY-SA 4.0
rcbc_plaza,rcbc_plaza/The_Spirit_of_EDSA_Monument_Makati_Jun_2025_3_.jpg,"File:The Spirit of EDSA Monument, Makati, Jun 2025 (3).jpg","https://commons.wikimedia.org/wiki/File:The_Spirit_of_EDSA_Monument,_Makati,_Jun_2025_(3).jpg",Ralff Nestor Nacor,CC BY-SA 4.0
rcbc_plaza,rcbc_plaza/Yuchengco_Museum_Entrance_Makati_City_Jul_2024.jpg,"File:Yuchengco Museum Entrance, Makati City, Jul 2024.jpg","https://commons.wikimedia.org/wiki/File:Yuchengco_Museum_Entrance,_Makati_City,_Jul_2024.jpg",Ralff Nestor Nacor,CC BY-SA 4.0
rcbc_plaza,rcbc_plaza/Yuchengco_Museum_Makati_City_Feb_2024.jpg,"File:Yuchengco Museum, Makati City, Feb 2024.jpg","https://commons.wikimedia.org/wiki/File:Yuchengco_Museum,_Makati_City,_Feb_2024.jpg",Ralff Nestor Nacor,CC BY-SA 4.0
rcbc_plaza,rcbc_plaza/Yuchengco_Museum_from_Ayala_Avenue_Makati_Jun_2025.jpg,"File:Yuchengco Museum from Ayala Avenue, Makati, Jun 2025.jpg","https://commons.wikimedia.org/wiki/File:Yuchengco_Museum_from_Ayala_Avenue,_Makati,_Jun_2025.jpg",Ralff Nestor Nacor,CC BY-SA 4.0
salcedo_weekend_market,salcedo_weekend_market/Barranquilla_Parque_Sur_Salcedo.jpg,File:Barranquilla Parque Surí Salcedo.jpg,https://commons.wikimedia.org/wiki/File:Barranquilla_Parque_Sur%C3%AD_Salcedo.jpg,Jdvillalobos,CC BY 3.0
salcedo_weekend_market,salcedo_weekend_market/Salcedo_Park_01.jpg,File:Salcedo Park 01.jpg,https://commons.wikimedia.org/wiki/File:Salcedo_Park_01.jpg,RioHondo (talk) (Uploads),CC BY-SA 4.0
salcedo_weekend_market,salcedo_weekend_market/Salcedo_Park_02.jpg,File:Salcedo Park 02.jpg,https://commons.wikimedia.org/wiki/File:Salcedo_Park_02.jpg,RioHondo (talk) (Uploads),CC BY-SA 4.0
salcedo_weekend_market,salcedo_weekend_market/Salcedo_Park_03.jpg,File:Salcedo Park 03.jpg,https://commons.wikimedia.org/wiki/File:Salcedo_Park_03.jpg,RioHondo (talk) (Uploads),CC BY-SA 4.0
salcedo_weekend_market,salcedo_weekend_market/Salcedo_Park_05.jpg,File:Salcedo Park 05.jpg,https://commons.wikimedia.org/wiki/File:Salcedo_Park_05.jpg,RioHondo (talk) (Uploads),CC BY-SA 4.0
salcedo_weekend_market,salcedo_weekend_market/Salcedo_Park_Makati_09Sep2026_01.jpg,"File:Salcedo Park, Makati 09Sep2026 01.jpg","https://commons.wikimedia.org/wiki/File:Salcedo_Park,_Makati_09Sep2026_01.jpg",RFNirmala,CC0
salcedo_weekend_market,salcedo_weekend_market/Salcedo_Park_Makati_09Sep2026_02.jpg,"File:Salcedo Park, Makati 09Sep2026 02.jpg","https://commons.wikimedia.org/wiki/File:Salcedo_Park,_Makati_09Sep2026_02.jpg",RFNirmala,CC0
salcedo_weekend_market,salcedo_weekend_market/Salcedo_Park_Makati_09Sep2026_03.jpg,"File:Salcedo Park, Makati 09Sep2026 03.jpg","https://commons.wikimedia.org/wiki/File:Salcedo_Park,_Makati_09Sep2026_03.jpg",RFNirmala,CC0
salcedo_weekend_market,salcedo_weekend_market/Salcedo_Park_Makati_09Sep2026_04.jpg,"File:Salcedo Park, Makati 09Sep2026 04.jpg","https://commons.wikimedia.org/wiki/File:Salcedo_Park,_Makati_09Sep2026_04.jpg",RFNirmala,CC0
salcedo_weekend_market,salcedo_weekend_market/Salcedo_Park_Makati_09Sep2026_05.jpg,"File:Salcedo Park, Makati 09Sep2026 05.jpg","https://commons.wikimedia.org/wiki/File:Salcedo_Park,_Makati_09Sep2026_05.jpg",RFNirmala,CC0
salcedo_weekend_market,salcedo_weekend_market/Salcedo_Park_Makati_09Sep2026_06.jpg,"File:Salcedo Park, Makati 09Sep2026 06.jpg","https://commons.wikimedia.org/wiki/File:Salcedo_Park,_Makati_09Sep2026_06.jpg",RFNirmala,CC0
salcedo_weekend_market,salcedo_weekend_market/Salcedo_Park_Makati_09Sep2026_07.jpg,"File:Salcedo Park, Makati 09Sep2026 07.jpg","https://commons.wikimedia.org/wiki/File:Salcedo_Park,_Makati_09Sep2026_07.jpg",RFNirmala,CC0
salcedo_weekend_market,salcedo_weekend_market/Salcedo_Park_Makati_09Sep2026_08.jpg,"File:Salcedo Park, Makati 09Sep2026 08.jpg","https://commons.wikimedia.org/wiki/File:Salcedo_Park,_Makati_09Sep2026_08.jpg",RFNirmala,CC0
sm_makati,sm_makati/9991Makati_Central_Business_District_Landmarks_06.jpg,File:9991Makati Central Business District Landmarks 06.jpg,https://commons.wikimedia.org/wiki/File:9991Makati_Central_Business_District_Landmarks_06.jpg,Judgefloro,CC0
sm_makati,sm_makati/9991Makati_Central_Business_District_Landmarks_07.jpg,File:9991Makati Central Business District Landmarks 07.jpg,https://commons.wikimedia.org/wiki/File:9991Makati_Central_Business_District_Landmarks_07.jpg,Judgefloro,CC0
sm_makati,sm_makati/9991Makati_Central_Business_District_Landmarks_08.jpg,File:9991Makati Central Business District Landmarks 08.jpg,https://commons.wikimedia.org/wiki/File:9991Makati_Central_Business_District_Landmarks_08.jpg,Judgefloro,CC0
sm_makati,sm_makati/9991Makati_Central_Business_District_Landmarks_09.jpg,File:9991Makati Central Business District Landmarks 09.jpg,https://commons.wikimedia.org/wiki/File:9991Makati_Central_Business_District_Landmarks_09.jpg,Judgefloro,CC0
sm_makati,sm_makati/9991Makati_Central_Business_District_Landmarks_10.jpg,File:9991Makati Central Business District Landmarks 10.jpg,https://commons.wikimedia.org/wiki/File:9991Makati_Central_Business_District_Landmarks_10.jpg,Judgefloro,CC0
sm_makati,sm_makati/9991Makati_Central_Business_District_Landmarks_11.jpg,File:9991Makati Central Business District Landmarks 11.jpg,https://commons.wikimedia.org/wiki/File:9991Makati_Central_Business_District_Landmarks_11.jpg,Judgefloro,CC0
sm_makati,sm_makati/9991Makati_Central_Business_District_Landmarks_12.jpg,File:9991Makati Central Business District Landmarks 12.jpg,https://commons.wikimedia.org/wiki/File:9991Makati_Central_Business_District_Landmarks_12.jpg,Judgefloro,CC0
sm_makati,sm_makati/9991Makati_Central_Business_District_Landmarks_16.jpg,File:9991Makati Central Business District Landmarks 16.jpg,https://commons.wikimedia.org/wiki/File:9991Makati_Central_Business_District_Landmarks_16.jpg,Judgefloro,CC0
sm_makati,sm_makati/9991Makati_Central_Business_District_Landmarks_17.jpg,File:9991Makati Central Business District Landmarks 17.jpg,https://commons.wikimedia.org/wiki/File:9991Makati_Central_Business_District_Landmarks_17.jpg,Judgefloro,CC0
sm_makati,sm_makati/9991Makati_Central_Business_District_Landmarks_18.jpg,File:9991Makati Central Business District Landmarks 18.jpg,https://commons.wikimedia.org/wiki/File:9991Makati_Central_Business_District_Landmarks_18.jpg,Judgefloro,CC0
sm_makati,sm_makati/9991Makati_Central_Business_District_Landmarks_19.jpg,File:9991Makati Central Business District Landmarks 19.jpg,https://commons.wikimedia.org/wiki/File:9991Makati_Central_Business_District_Landmarks_19.jpg,Judgefloro,CC0
sm_makati,sm_makati/Smmakatijf.jpg,File:Smmakatijf.JPG,https://commons.wikimedia.org/wiki/File:Smmakatijf.JPG,Ramon FVelasquez,CC0
st_john_bosco_parish,st_john_bosco_parish/07260jfSan_Lorenzo_John_Bosco_Parish_Church_Pio_del_Pilar_Makati_Cityfvf_03.jpg,File:07260jfSan Lorenzo John Bosco Parish Church Pio del Pilar Makati Cityfvf 03.jpg,https://commons.wikimedia.org/wiki/File:07260jfSan_Lorenzo_John_Bosco_Parish_Church_Pio_del_Pilar_Makati_Cityfvf_03.jpg,Judgefloro,CC0
st_john_bosco_parish,st_john_bosco_parish/07260jfSan_Lorenzo_John_Bosco_Parish_Church_Pio_del_Pilar_Makati_Cityfvf_04.jpg,File:07260jfSan Lorenzo John Bosco Parish Church Pio del Pilar Makati Cityfvf 04.jpg,https://commons.wikimedia.org/wiki/File:07260jfSan_Lorenzo_John_Bosco_Parish_Church_Pio_del_Pilar_Makati_Cityfvf_04.jpg,Judgefloro,CC0
st_john_bosco_parish,st_john_bosco_parish/07260jfSan_Lorenzo_John_Bosco_Parish_Church_Pio_del_Pilar_Makati_Cityfvf_05.jpg,File:07260jfSan Lorenzo John Bosco Parish Church Pio del Pilar Makati Cityfvf 05.jpg,https://commons.wikimedia.org/wiki/File:07260jfSan_Lorenzo_John_Bosco_Parish_Church_Pio_del_Pilar_Makati_Cityfvf_05.jpg,Judgefloro,CC0
st_john_bosco_parish,st_john_bosco_parish/07260jfSan_Lorenzo_John_Bosco_Parish_Church_Pio_del_Pilar_Makati_Cityfvf_07.jpg,File:07260jfSan Lorenzo John Bosco Parish Church Pio del Pilar Makati Cityfvf 07.jpg,https://commons.wikimedia.org/wiki/File:07260jfSan_Lorenzo_John_Bosco_Parish_Church_Pio_del_Pilar_Makati_Cityfvf_07.jpg,Judgefloro,CC0
st_john_bosco_parish,st_john_bosco_parish/07260jfSan_Lorenzo_John_Bosco_Parish_Church_Pio_del_Pilar_Makati_Cityfvf_08.jpg,File:07260jfSan Lorenzo John Bosco Parish Church Pio del Pilar Makati Cityfvf 08.jpg,https://commons.wikimedia.org/wiki/File:07260jfSan_Lorenzo_John_Bosco_Parish_Church_Pio_del_Pilar_Makati_Cityfvf_08.jpg,Judgefloro,CC0
st_john_bosco_parish,st_john_bosco_parish/07260jfSan_Lorenzo_John_Bosco_Parish_Church_Pio_del_Pilar_Makati_Cityfvf_09.jpg,File:07260jfSan Lorenzo John Bosco Parish Church Pio del Pilar Makati Cityfvf 09.jpg,https://commons.wikimedia.org/wiki/File:07260jfSan_Lorenzo_John_Bosco_Parish_Church_Pio_del_Pilar_Makati_Cityfvf_09.jpg,Judgefloro,CC0
st_john_bosco_parish,st_john_bosco_parish/07260jfSan_Lorenzo_John_Bosco_Parish_Church_Pio_del_Pilar_Makati_Cityfvf_11.jpg,File:07260jfSan Lorenzo John Bosco Parish Church Pio del Pilar Makati Cityfvf 11.jpg,https://commons.wikimedia.org/wiki/File:07260jfSan_Lorenzo_John_Bosco_Parish_Church_Pio_del_Pilar_Makati_Cityfvf_11.jpg,Judgefloro,CC0
st_john_bosco_parish,st_john_bosco_parish/07260jfSan_Lorenzo_John_Bosco_Parish_Church_Pio_del_Pilar_Makati_Cityfvf_12.jpg,File:07260jfSan Lorenzo John Bosco Parish Church Pio del Pilar Makati Cityfvf 12.jpg,https://commons.wikimedia.org/wiki/File:07260jfSan_Lorenzo_John_Bosco_Parish_Church_Pio_del_Pilar_Makati_Cityfvf_12.jpg,Judgefloro,CC0
st_john_bosco_parish,st_john_bosco_parish/07260jfSan_Lorenzo_John_Bosco_Parish_Church_Pio_del_Pilar_Makati_Cityfvf_13.jpg,File:07260jfSan Lorenzo John Bosco Parish Church Pio del Pilar Makati Cityfvf 13.jpg,https://commons.wikimedia.org/wiki/File:07260jfSan_Lorenzo_John_Bosco_Parish_Church_Pio_del_Pilar_Makati_Cityfvf_13.jpg,Judgefloro,CC0
st_john_bosco_parish,st_john_bosco_parish/07260jfSan_Lorenzo_John_Bosco_Parish_Church_Pio_del_Pilar_Makati_Cityfvf_17.jpg,File:07260jfSan Lorenzo John Bosco Parish Church Pio del Pilar Makati Cityfvf 17.jpg,https://commons.wikimedia.org/wiki/File:07260jfSan_Lorenzo_John_Bosco_Parish_Church_Pio_del_Pilar_Makati_Cityfvf_17.jpg,Judgefloro,CC0
st_john_bosco_parish,st_john_bosco_parish/07260jfSan_Lorenzo_John_Bosco_Parish_Church_Pio_del_Pilar_Makati_Cityfvf_19.jpg,File:07260jfSan Lorenzo John Bosco Parish Church Pio del Pilar Makati Cityfvf 19.jpg,https://commons.wikimedia.org/wiki/File:07260jfSan_Lorenzo_John_Bosco_Parish_Church_Pio_del_Pilar_Makati_Cityfvf_19.jpg,Judgefloro,CC0
st_john_bosco_parish,st_john_bosco_parish/07260jfSan_Lorenzo_John_Bosco_Parish_Church_Pio_del_Pilar_Makati_Cityfvf_20.jpg,File:07260jfSan Lorenzo John Bosco Parish Church Pio del Pilar Makati Cityfvf 20.jpg,https://commons.wikimedia.org/wiki/File:07260jfSan_Lorenzo_John_Bosco_Parish_Church_Pio_del_Pilar_Makati_Cityfvf_20.jpg,Judgefloro,CC0
st_john_bosco_parish,st_john_bosco_parish/07260jfSan_Lorenzo_John_Bosco_Parish_Church_Pio_del_Pilar_Makati_Cityfvf_27.jpg,File:07260jfSan Lorenzo John Bosco Parish Church Pio del Pilar Makati Cityfvf 27.jpg,https://commons.wikimedia.org/wiki/File:07260jfSan_Lorenzo_John_Bosco_Parish_Church_Pio_del_Pilar_Makati_Cityfvf_27.jpg,Judgefloro,CC0
st_john_bosco_parish,st_john_bosco_parish/07395jfSan_Lorenzo_John_Bosco_Parish_Church_Pio_del_Pilar_Makati_Cityfvf_06.jpg,File:07395jfSan Lorenzo John Bosco Parish Church Pio del Pilar Makati Cityfvf 06.jpg,https://commons.wikimedia.org/wiki/File:07395jfSan_Lorenzo_John_Bosco_Parish_Church_Pio_del_Pilar_Makati_Cityfvf_06.jpg,Judgefloro,CC0
st_john_bosco_parish,st_john_bosco_parish/07395jfSan_Lorenzo_John_Bosco_Parish_Church_Pio_del_Pilar_Makati_Cityfvf_09.jpg,File:07395jfSan Lorenzo John Bosco Parish Church Pio del Pilar Makati Cityfvf 09.jpg,https://commons.wikimedia.org/wiki/File:07395jfSan_Lorenzo_John_Bosco_Parish_Church_Pio_del_Pilar_Makati_Cityfvf_09.jpg,Judgefloro,CC0
st_john_bosco_parish,st_john_bosco_parish/07395jfSan_Lorenzo_John_Bosco_Parish_Church_Pio_del_Pilar_Makati_Cityfvf_10.jpg,File:07395jfSan Lorenzo John Bosco Parish Church Pio del Pilar Makati Cityfvf 10.jpg,https://commons.wikimedia.org/wiki/File:07395jfSan_Lorenzo_John_Bosco_Parish_Church_Pio_del_Pilar_Makati_Cityfvf_10.jpg,Judgefloro,CC0
st_john_bosco_parish,st_john_bosco_parish/07395jfSan_Lorenzo_John_Bosco_Parish_Church_Pio_del_Pilar_Makati_Cityfvf_13.jpg,File:07395jfSan Lorenzo John Bosco Parish Church Pio del Pilar Makati Cityfvf 13.jpg,https://commons.wikimedia.org/wiki/File:07395jfSan_Lorenzo_John_Bosco_Parish_Church_Pio_del_Pilar_Makati_Cityfvf_13.jpg,Judgefloro,CC0
st_john_bosco_parish,st_john_bosco_parish/07395jfSan_Lorenzo_John_Bosco_Parish_Church_Pio_del_Pilar_Makati_Cityfvf_15.jpg,File:07395jfSan Lorenzo John Bosco Parish Church Pio del Pilar Makati Cityfvf 15.jpg,https://commons.wikimedia.org/wiki/File:07395jfSan_Lorenzo_John_Bosco_Parish_Church_Pio_del_Pilar_Makati_Cityfvf_15.jpg,Judgefloro,CC0
st_john_bosco_parish,st_john_bosco_parish/07395jfSan_Lorenzo_John_Bosco_Parish_Church_Pio_del_Pilar_Makati_Cityfvf_16.jpg,File:07395jfSan Lorenzo John Bosco Parish Church Pio del Pilar Makati Cityfvf 16.jpg,https://commons.wikimedia.org/wiki/File:07395jfSan_Lorenzo_John_Bosco_Parish_Church_Pio_del_Pilar_Makati_Cityfvf_16.jpg,Judgefloro,CC0
st_john_bosco_parish,st_john_bosco_parish/07395jfSan_Lorenzo_John_Bosco_Parish_Church_Pio_del_Pilar_Makati_Cityfvf_18.jpg,File:07395jfSan Lorenzo John Bosco Parish Church Pio del Pilar Makati Cityfvf 18.jpg,https://commons.wikimedia.org/wiki/File:07395jfSan_Lorenzo_John_Bosco_Parish_Church_Pio_del_Pilar_Makati_Cityfvf_18.jpg,Judgefloro,CC0
st_john_bosco_parish,st_john_bosco_parish/07395jfSan_Lorenzo_John_Bosco_Parish_Church_Pio_del_Pilar_Makati_Cityfvf_19.jpg,File:07395jfSan Lorenzo John Bosco Parish Church Pio del Pilar Makati Cityfvf 19.jpg,https://commons.wikimedia.org/wiki/File:07395jfSan_Lorenzo_John_Bosco_Parish_Church_Pio_del_Pilar_Makati_Cityfvf_19.jpg,Judgefloro,CC0
st_john_bosco_parish,st_john_bosco_parish/07395jfSan_Lorenzo_John_Bosco_Parish_Church_Pio_del_Pilar_Makati_Cityfvf_20.jpg,File:07395jfSan Lorenzo John Bosco Parish Church Pio del Pilar Makati Cityfvf 20.jpg,https://commons.wikimedia.org/wiki/File:07395jfSan_Lorenzo_John_Bosco_Parish_Church_Pio_del_Pilar_Makati_Cityfvf_20.jpg,Judgefloro,CC0
st_john_bosco_parish,st_john_bosco_parish/07395jfSan_Lorenzo_John_Bosco_Parish_Church_Pio_del_Pilar_Makati_Cityfvf_21.jpg,File:07395jfSan Lorenzo John Bosco Parish Church Pio del Pilar Makati Cityfvf 21.jpg,https://commons.wikimedia.org/wiki/File:07395jfSan_Lorenzo_John_Bosco_Parish_Church_Pio_del_Pilar_Makati_Cityfvf_21.jpg,Judgefloro,CC0
st_john_bosco_parish,st_john_bosco_parish/07395jfSan_Lorenzo_John_Bosco_Parish_Church_Pio_del_Pilar_Makati_Cityfvf_22.jpg,File:07395jfSan Lorenzo John Bosco Parish Church Pio del Pilar Makati Cityfvf 22.jpg,https://commons.wikimedia.org/wiki/File:07395jfSan_Lorenzo_John_Bosco_Parish_Church_Pio_del_Pilar_Makati_Cityfvf_22.jpg,Judgefloro,CC0
st_john_bosco_parish,st_john_bosco_parish/07395jfSan_Lorenzo_John_Bosco_Parish_Church_Pio_del_Pilar_Makati_Cityfvf_23.jpg,File:07395jfSan Lorenzo John Bosco Parish Church Pio del Pilar Makati Cityfvf 23.jpg,https://commons.wikimedia.org/wiki/File:07395jfSan_Lorenzo_John_Bosco_Parish_Church_Pio_del_Pilar_Makati_Cityfvf_23.jpg,Judgefloro,CC0
st_john_bosco_parish,st_john_bosco_parish/07395jfSan_Lorenzo_John_Bosco_Parish_Church_Pio_del_Pilar_Makati_Cityfvf_24.jpg,File:07395jfSan Lorenzo John Bosco Parish Church Pio del Pilar Makati Cityfvf 24.jpg,https://commons.wikimedia.org/wiki/File:07395jfSan_Lorenzo_John_Bosco_Parish_Church_Pio_del_Pilar_Makati_Cityfvf_24.jpg,Judgefloro,CC0
st_john_bosco_parish,st_john_bosco_parish/07395jfSan_Lorenzo_John_Bosco_Parish_Church_Pio_del_Pilar_Makati_Cityfvf_26.jpg,File:07395jfSan Lorenzo John Bosco Parish Church Pio del Pilar Makati Cityfvf 26.jpg,https://commons.wikimedia.org/wiki/File:07395jfSan_Lorenzo_John_Bosco_Parish_Church_Pio_del_Pilar_Makati_Cityfvf_26.jpg,Judgefloro,CC0
st_john_bosco_parish,st_john_bosco_parish/07432jfSan_Lorenzo_John_Bosco_Parish_Church_Pio_del_Pilar_Makati_Cityfvf_30.jpg,File:07432jfSan Lorenzo John Bosco Parish Church Pio del Pilar Makati Cityfvf 30.jpg,https://commons.wikimedia.org/wiki/File:07432jfSan_Lorenzo_John_Bosco_Parish_Church_Pio_del_Pilar_Makati_Cityfvf_30.jpg,Judgefloro,CC0
st_john_bosco_parish,st_john_bosco_parish/07432jfSan_Lorenzo_John_Bosco_Parish_Church_Pio_del_Pilar_Makati_Cityfvf_34.jpg,File:07432jfSan Lorenzo John Bosco Parish Church Pio del Pilar Makati Cityfvf 34.jpg,https://commons.wikimedia.org/wiki/File:07432jfSan_Lorenzo_John_Bosco_Parish_Church_Pio_del_Pilar_Makati_Cityfvf_34.jpg,Judgefloro,CC0
the_landmark_makati,the_landmark_makati/9763Makati_Central_Business_District_Ayala_Greenbelt_Landmarks_09.jpg,File:9763Makati Central Business District Ayala Greenbelt Landmarks 09.jpg,https://commons.wikimedia.org/wiki/File:9763Makati_Central_Business_District_Ayala_Greenbelt_Landmarks_09.jpg,Judgefloro,CC0
the_landmark_makati,the_landmark_makati/9763Makati_Central_Business_District_Ayala_Greenbelt_Landmarks_10.jpg,File:9763Makati Central Business District Ayala Greenbelt Landmarks 10.jpg,https://commons.wikimedia.org/wiki/File:9763Makati_Central_Business_District_Ayala_Greenbelt_Landmarks_10.jpg,Judgefloro,CC0
the_landmark_makati,the_landmark_makati/9763Makati_Central_Business_District_Ayala_Greenbelt_Landmarks_11.jpg,File:9763Makati Central Business District Ayala Greenbelt Landmarks 11.jpg,https://commons.wikimedia.org/wiki/File:9763Makati_Central_Business_District_Ayala_Greenbelt_Landmarks_11.jpg,Judgefloro,CC0
the_landmark_makati,the_landmark_makati/9763Makati_Central_Business_District_Ayala_Greenbelt_Landmarks_12.jpg,File:9763Makati Central Business District Ayala Greenbelt Landmarks 12.jpg,https://commons.wikimedia.org/wiki/File:9763Makati_Central_Business_District_Ayala_Greenbelt_Landmarks_12.jpg,Judgefloro,CC0
the_landmark_makati,the_landmark_makati/9763Makati_Central_Business_District_Ayala_Greenbelt_Landmarks_13.jpg,File:9763Makati Central Business District Ayala Greenbelt Landmarks 13.jpg,https://commons.wikimedia.org/wiki/File:9763Makati_Central_Business_District_Ayala_Greenbelt_Landmarks_13.jpg,Judgefloro,CC0
the_landmark_makati,the_landmark_makati/9763Makati_Central_Business_District_Ayala_Greenbelt_Landmarks_14.jpg,File:9763Makati Central Business District Ayala Greenbelt Landmarks 14.jpg,https://commons.wikimedia.org/wiki/File:9763Makati_Central_Business_District_Ayala_Greenbelt_Landmarks_14.jpg,Judgefloro,CC0
the_landmark_makati,the_landmark_makati/9763Makati_Central_Business_District_Ayala_Greenbelt_Landmarks_15.jpg,File:9763Makati Central Business District Ayala Greenbelt Landmarks 15.jpg,https://commons.wikimedia.org/wiki/File:9763Makati_Central_Business_District_Ayala_Greenbelt_Landmarks_15.jpg,Judgefloro,CC0
the_landmark_makati,the_landmark_makati/9763Makati_Central_Business_District_Ayala_Greenbelt_Landmarks_16.jpg,File:9763Makati Central Business District Ayala Greenbelt Landmarks 16.jpg,https://commons.wikimedia.org/wiki/File:9763Makati_Central_Business_District_Ayala_Greenbelt_Landmarks_16.jpg,Judgefloro,CC0
the_landmark_makati,the_landmark_makati/9763Makati_Central_Business_District_Ayala_Greenbelt_Landmarks_17.jpg,File:9763Makati Central Business District Ayala Greenbelt Landmarks 17.jpg,https://commons.wikimedia.org/wiki/File:9763Makati_Central_Business_District_Ayala_Greenbelt_Landmarks_17.jpg,Judgefloro,CC0
the_landmark_makati,the_landmark_makati/9763Makati_Central_Business_District_Ayala_Greenbelt_Landmarks_18.jpg,File:9763Makati Central Business District Ayala Greenbelt Landmarks 18.jpg,https://commons.wikimedia.org/wiki/File:9763Makati_Central_Business_District_Ayala_Greenbelt_Landmarks_18.jpg,Judgefloro,CC0
the_landmark_makati,the_landmark_makati/9763Makati_Central_Business_District_Ayala_Greenbelt_Landmarks_19.jpg,File:9763Makati Central Business District Ayala Greenbelt Landmarks 19.jpg,https://commons.wikimedia.org/wiki/File:9763Makati_Central_Business_District_Ayala_Greenbelt_Landmarks_19.jpg,Judgefloro,CC0
the_landmark_makati,the_landmark_makati/9763Makati_Central_Business_District_Ayala_Greenbelt_Landmarks_20.jpg,File:9763Makati Central Business District Ayala Greenbelt Landmarks 20.jpg,https://commons.wikimedia.org/wiki/File:9763Makati_Central_Business_District_Ayala_Greenbelt_Landmarks_20.jpg,Judgefloro,CC0
