filename,label
486749008_984807040476004_8624544257607097892_n.jpg,greenbelt
488654433_984806967142678_3497151697732861545_n.jpg,greenbelt
489697831_984807010476007_5030039396052174787_n.jpg,greenbelt
489925911_984807033809338_4449977689210661845_n.jpg,greenbelt
490030156_984806970476011_1684010418108840120_n.jpg,greenbelt
490077354_984807003809341_6398234755679179567_n.jpg,greenbelt
images (1).jpeg,greenbelt
images (2).jpeg,greenbelt
images (3).jpeg,greenbelt
images (4).jpeg,greenbelt
images.jpeg,greenbelt
Circuit-edited-1-600x332.webp,ayala_malls_circuit
circuit'.jpg,ayala_malls_circuit
circuit12.jpg,ayala_malls_circuit
circuit3.jpg,ayala_malls_circuit
circuit32412.jpg,ayala_malls_circuit
circuit7634.jpg,ayala_malls_circuit
circuit87-78.jpg,ayala_malls_circuit
circuit987.jpg,ayala_malls_circuit
circuit9879.jpg,ayala_malls_circuit
circuitry87.jpg,ayala_malls_circuit
imagescircuit.jpg,ayala_malls_circuit
"Glorietta_Square_Makati,_Metro_Manila_(52265481570).jpg",glorietta
ayala-center.jpg,ayala_center
ayala.jpg,ayala_center
