label,video_id,title,start_s,end_s,frames
sm_makati,nSYGFuBlX0s,Sm Makati cyberzone 🎮🎮🎧🎧🎭🎭💣💣,,,60
sm_makati,4iblvD-Iaus,A I S Y - 7-11 (Live Performance at SM Makati Cyberzone),,,60
sm_makati,URdJaXgCoqA,A I S Y - Araw-araw (Live Performance at SM Makati Cyberzone),,,60
sm_makati,PbfzMEizIoc,[04/06/2025] SM Makati Cyberzone KPOP RANDOM PLAY DANCE at ENHYPEN FAN GATHERING | KFAM Laguna,,,150
sm_makati,JfnLt8cBydc,[ 51 ] ADVENTURE TIME - Card Expo SM Makati Cyberzone ( 2/2 ),,,60
sm_makati,pQQWVeRQt1w,ANL Tournament at SM Makati Cyberzone | Intel Quest Complete Year End Gathering,,,15
sm_makati,tge16fd2bE0,SM Makati Walking Tour 2025 | Afternoon mall stroll in SM Makati Ayala Makati City,,,
sm_makati,3IVE7saCJUk,SM MAKATI Walking Tour 2026 | What to See Inside this Long-Standing Mall | Ayala Center Makati City,,,
sm_makati,_N1pqnmIB64,[4K] SATISFY Your Shop Cravings | SM Makati Update Tour 2023 | Philippine Shopping Malls,,,
sm_makati,I_G6UAx2w9k,[4K] SM Makati 2026 | Walking Tour & Shopping Guide | Makati Mall Philippines,,,
sm_makati,Jb4Vkis-7-I,[4K]  SM MAKATI - PHILIPPINES MALL TOUR 2026 | JUNE UPDATE 2026,,,
sm_makati,GgRp0i2yKAw,SM Makati Walking Tour 4K | Exploring the Heart of Makati,,,
sm_makati,WRiLDasXs1s,[4K] PHILIPPINES MALL TOUR 2026 | SM MAKATI MALL AUGUST UPDATE!,,,
sm_makati,v-kF9bfF_tI,[4K] SM MAKATI 2023 MID-YEAR MALL TOUR | PHILIPPINES SHOPPING MALL TOUR,,,
sm_makati,INjdjwlm6Fo,Walking Through SM Makati 🇵🇭 | Mall Tour 2026,,,
sm_makati,qmEd6Q1P6Vs,[4K] SM Makati Walking Tour | Philippines,,,
sm_makati,T01LbSgKTWw,SM MAKATI Department Store | Popular One-Stop Destination for SHOPPING in Makati!【4K】,,,
sm_makati,IuBPj-q8Y4I,[4K] SM MAKATI Walking Tour 2022 Makati City 🇵🇭,,,
sm_makati,7YwlbAPcTOA,SM MAKATI Walking Tour 2023 | The Ultimate ONE-STOP SHOP in Makati City Philippines【4K HDR】,,,
sm_makati,kjd6VMUwSGg,[4K] Walking Tour - SM MAKATI 2023,,,
ayala_center,CMNVO0rT6Pc,[4K] Ayala Center Makati City Metro Manila | Philippines,,,
avida_towers_makati_southpoint,I8eK1xKunfw,AVIDA TOWERS MAKATI SOUTHPOINT | CONDO NEAR MAKATI CBD,,,25
avida_towers_makati_southpoint,LJmpIOBSK8E,Modern Living TV: Avida Towers Makati Southpoint  | Condo in Makati,,,25
avida_towers_makati_southpoint,-EYBsIAkaiw,Avida Towers Makati Southpoint,,,25
avida_towers_makati_southpoint,r3v9G62DYJk,AVIDA TOWERS MAKATI SOUTHPOINT - LIVE IN THE HEART OF MAKATI,,,25
avida_towers_makati_southpoint,4QPrDD-p-Ig,Avida Towers Makati Southpoint Walkthrough,,,25
avida_towers_makati_southpoint,AmaOqPNg0Rg,Avida Makati Southpoint walk through ,,,25
avida_towers_makati_southpoint,Om6Q2ofzgD8,QUICK TOUR OF AVIDA MAKATI SOUTHPOINT | PRE-SELLING & RENT TO OWN CONDOMINIUM IN MAKATI,,,25
avida_towers_makati_southpoint,R_IxauAC51k,Avida Towers Southpoint Makati near Magallanes MRT,,,25
avida_towers_makati_southpoint,RTHpRhCzTtU,Avida Towers Makati SouthPoint - Ayala's Pre-Selling Condominium in Makati,,,25
avida_towers_makati_southpoint,vgZcsEbJdh8,Avida Towers Makati Southpoint — Prime Condo in Makati City,,,25
avida_towers_makati_southpoint,1NpB1jm77-o,"Avida Makati Southpoint | Pre-selling Condo in Chino Roces, Makati CBD",,,25
avida_towers_makati_southpoint,87Ep_bwcLRI,LIVING IN MAKATI! | Avida Towers Makati Southpoint Walkthrough,,,25
ayala_malls_circuit,eyRoUyf7GuI,This Is One of Makati’s Most UNIQUE Malls! | Ayala Malls CIRCUIT MAKATI Walking Tour 2026,,,
ayala_malls_circuit,HCzsiZZJy_k,A Walking Tour at Ayala Malls Circuit Makati City/ Latest Update #AyalaMalls #Walkintour #MallTour ,,,
ayala_malls_circuit,veL3-Rix8AA,"Ayala Circuit Mall Makati Walk 🇵🇭 [4K] | Open-Air Mall Tour (No Music, Real Sounds)",,,
ayala_malls_circuit,kT7Raeau15I,2020 Ayala Malls Circuit Makati Walking Tour #NewNormal,,,
ayala_malls_circuit,ra01gDCbaic,GoPRO Ayala Malls Circuit Lane Now Open Circuit Makati Walking Tour Overview by HourPhilippines.com,,,
ayala_malls_circuit,3QkbAD1ings,AYALA MALLS CIRCUIT MAKATI Philippines Walking Tour Philippines 4K,,,
ayala_malls_circuit,jNNLK0jZak0,Walking Around Ayala Circuit Makati (With Hidden Mall Cats! 🐈) 🇵🇭,,,
ayala_malls_circuit,Lg1RBPOB1uA,[4K] WALKING TOUR - AYALA MALLS CIRCUIT 2024 TOUR,,,
ayala_malls_circuit,Ty6umNNxdKs,A UNIQUE Open-Air Mall in Makati City Philippines | Full Tour of Ayala Malls CIRCUIT MAKATI,,,
ayala_malls_circuit,D29Bd01nRD0,Ayala Circuit Malls Makati A Walking Tour of The Trendiest Destination 🇵🇭 – 4K UHD,,,
ayala_malls_circuit,iwGKtyfNwVA,"AYALA Malls Circuit, Makati Philippines WALK TOUR! | Formerly the PHILIPPINE'S HORSE RACE TRACK",,,
ayala_malls_circuit,rq55pXmn-vE,Why Ayala Malls Circuit is Different? | Makati Open Air Mall Tour | Full Tour 2026 4K HDR,,,
st_john_bosco_parish,Fg4qdIgjosM,Don Bosco church Makati 2022 St. John Bosco Parish Church,,,30
st_john_bosco_parish,NavSpN-ziuM,Don Bosco Church Makati City,,,30
st_john_bosco_parish,pd-xVViWWMY,"Philippines I St. John Bosco Parish Church, Makati, Philippines",,,30
st_john_bosco_parish,tmUXxAIOr5w,DON BOSCO CHURCH IN MAKATI | WALKING TOUR,,,30
st_john_bosco_parish,Svw6AHvVzDo,don Bosco church. Makati city,,,30
st_john_bosco_parish,LNHDRLBUUyo,St. John Bosco Parish (Makati City),,,30
st_john_bosco_parish,0dX0rk8aNzQ,"ST. JOHN BOSCO PARISH, MAKATI CITY | WALKING TOUR",,,30
st_john_bosco_parish,UhgWBYGzaL8,"""St. John Bosco Parish Makati"" #MyChurchTour002",,,30
st_john_bosco_parish,EuqTZWUJgBw,Saint John Bosco Parish Makati.,,,30
rcbc_plaza,TCVPC62NQv0,"RCBC Plaza, Makati City, Metro Manila, Philippines 🇵🇭 #architecture",,,30
rcbc_plaza,cPjGkiFqjzA,RCBC TOWER MAKATI,,,30
rcbc_plaza,CrmzgEotoD4,VISITING RCBC PLAZA BUILDING | SEN GIL PUYAT COR AYALA AVENUE MAKATI,,,30
rcbc_plaza,GofUmz1WZvw,Rcbc tower makati,,,30
rcbc_plaza,BuyleieDwSU,Makati Aerial View rotating around RCBC Plaza,,,30
rcbc_plaza,PjVB63lhnFE,Makati RCBC Plaza,,,30
rcbc_plaza,XeYjuoD_v9I,"RCBC Plaza Makati, Philippines",,,30
rcbc_plaza,wDtTG6uR39g,RCBC Makati Philippines ,,,30
rcbc_plaza,e1cOT8oQWN0,[4K] Walking near RCBC Plaza in Ayala Ave,,,30
rcbc_plaza,Fj0HNiyy93Q,Around RCBC Plaza..,,,30
rcbc_plaza,AWlzpWzn4dM,RCBC TOWER AYALA AVENUE MAKATI CITY | GCFM NEWS,,,30
rcbc_plaza,H_XzHmXsrb4,Welcome to RCBC Plaza 😎 #reels #travel #me ,,,30
the_landmark_makati,QIf8bcLAbsY,The Landmark Makati walking tour 4K | Mall walk in the Philippines,,,
the_landmark_makati,QWpjkU_3ge0,LANDMARK MAKATI 2025 WALKING TOUR  || Best Food Court + Shopping in 4K!,,,
the_landmark_makati,Uj68fZJGJSY,THE LANDMARK MAKATI WALKING TOUR LANDMARK MALL,,,
the_landmark_makati,mlY7Iqn2LMU,[4K] LANDMARK Makati: Walking Tour at The Most Popular Department Store in the Philippines  | 2024,,,
the_landmark_makati,a6rF776BUcI,[4K] Makati's ULTIMATE Shopping Center | The LandMark Mall Walking Tour 2023 | Philippines,,,
the_landmark_makati,A3ETNsGKlts,"[4K] Landmark Makati Food Center Walking Tour | February 2026 | Makati City, Philippines 🇵🇭",,,
the_landmark_makati,5Xm-rqXW9TE,THE LANDMARK MAKATI MALL WALKING TOUR||SHOPPING MALL|ALEAH GEN,,,
the_landmark_makati,t39UemLbd4I,[4K] PHILIPPINES MALL TOUR 2026 | LANDMARK MAKATI MALL UPDATE!,,,
the_landmark_makati,OW6wDbEefPA,Landmark Makati Walk Tour March 2021 (Philippines),,,
the_landmark_makati,zzzkthT_UX4,[4K] Landmark Makati Department Store Tour  March 2026!,,,
the_landmark_makati,zU3YJt7Qgmg,Exploring The Landmark Mall in Makati,,,
the_landmark_makati,ry38dx75RVU,[4K] Walking Tour - THE LANDMARK 2023 | MAKATI CITY PHILIPPINES,,,
the_landmark_makati,eORcLF8e4DY,The Landmark Makati - A Quick Look Around Ayala Center’s Popular Department Store,,,
the_landmark_makati,F22oc8LrHss,"The LANDMARK DEPARTMENT STORE, MAKATI CITY",,,
greenbelt,_XocDscBXv8,Greenbelt 2 is Now OPEN! (First Look) | 2026 Greenbelt Malls Ayala Makati Walking Tour 4K,,,
greenbelt,1MNDATxLUEo,See The RICH Side of the Philippines | GREENBELT MAKATI CITY Weekend Tour in 2024【4K HDR】,,,
greenbelt,Jp1bJd7onUw,Greenbelt 5 & 3 Makati Walking Tour 2026 Philippines | Ayala Malls Greenbelt In Stunning 4K HDR,,,
greenbelt,DhuVLhdrJvY,GoPro Greenbelt Mall Ayala Center Walking Tour Overview Makati Philippines by HourPhilippines.com,,,
greenbelt,B5g1DiSSTk0,What’s New in Greenbelt Makati 2026? | Exploring the New Greenbelt 2 | 4K | Philippines ,,,
greenbelt,ukstvNqxQvQ,Philippines’ RICH Lifestyle Spot in Makati City! | Christmas Tour of GREENBELT MAKATI 2025,,,
greenbelt,2agrUzYeNTE,Full Tour at Makati City's Most Luxurious Mall - GREENBELT MALL | Greenbelt 1 Update | Philippines,,,
greenbelt,UXlfVPJHp14,Greenbelt Hits Different At Night! 2026 Makati’s Most Stunning Walking Tour In 4K HDR | Philippines ,,,
greenbelt,zZDLNU6NJeo,Greenbelt Malls Makati 🇵🇭 | Relaxing Walk & Chill Vibes (4K),,,
greenbelt,nBWlV94RP08,Greenbelt 5 Walking Tour | Upscale Greenbelt Mall in Makati City 4K Walk,,,
greenbelt,ozCbU_cZxYA,[4K] Greenbelt Mall 2022 Walking Tour & Greenbelt 3 update | Makati Philippines,,,
greenbelt,HAd3O3KxQ5s,Luxury Shopping Mall in the Philippines | Greenbelt | Relaxing Outdoor Walk | 4K | ETV Walking Tour,,,
greenbelt,8L3ql7-JvXc,"Stunningly Beautiful In 4K HDR | Walking Through Greenbelt At Night | Makati City, Metro Manila 🇵🇭",,,
glorietta,nRjqiPtfz5U,The NEW Glorietta Makati 2026🇵🇭 Ultimate Makati Philippines Mall Walking Tour In Stunning 4K HDR ,,,
glorietta,cbtBnQE089M,GoPro Glorietta Mall Walking Tour Overview Ayala Center Makati Philippines by HourPhilippines.com,,,
glorietta,fsoqIW23Xt0,The NEW Phase for GLORIETTA MAKATI! Big New Improvements! 2026 Full Walking Tour | Philippines,,,
glorietta,bTG_Bit1JZs,"Tour From Home TV | Glorietta by Ayala Malls, Makati City | 4K | Walking Tour | Manila, Philippines",,,
glorietta,R42Gw1bviTA,Why Is This Mall So Popular in the Philippines? 🇵🇭 | Glorietta Makati Full Walking Tour 2026 |4K HDR,,,
glorietta,7Bh7yMJQKIk,GLORIETTA MAKATI Weekend Tour 2026 | Lively Mall Walking Tour In 4K HDR Philippines,,,
glorietta,lCuou1cinjo,INSIDE Glorietta Makati 2026 🇵🇭 | The Busy Heart Of Makati In Stunning 4K Full Walking Tour ,,,
glorietta,WGD23xYU5-4,Inside Glorietta Mall Makati 2026 | Busy Weekend Walk In Ultra Clear 4K! | Philippines Walking Tour ,,,
glorietta,gNqI3Pg2mcg,"[4K] Glorietta Full Mall Tour 2023 | Ayala Malls in Makati, Philippines",,,
glorietta,ed3v6zC5aSg,Glorietta Makati Looks Completely Different Now! 🇵🇭 Full 2026 Walking Tour | 4K HDR,,,
glorietta,ppZ8lAzi6eE,[4K] Glorietta Makati 2022 Mall Walking Tour | Philippines,,,
glorietta,QRqyW2H4t_c,HAVE YOU SEEN The New and Modern GLORIETTA 4 and Completely Different Now! 2026 4K Walk,,,
glorietta,Zb-Cp0tcr-8,"GLORIETTA | Newly Improved Ayala Center | 4K Walking Tour | Makati City, Metro Manila",,,
powerplant_mall,-2u_UqvjH4Q,Rockwell Power Plant Mall 2026 | Luxury Walking Tour In 4K |Premium Lifestyle Mall In Makati City 🇵🇭,,,
powerplant_mall,ruv4d0z3mUI,A Walking Tour at Rockwell - Power Plant Mall #rockwell #powerplant #makaticity,,,
powerplant_mall,CobbCKURYok,Exploring the Most Expensive Mall in Makati 🇵🇭 | Power Plant Mall Rockwell Full Walking Tour 4K HDR,,,
powerplant_mall,_0rlxCLSxaI,GoPRO Power Plant Mall Rockwell Walking Tour Overview by HourPhilippines.com,,,
powerplant_mall,oR3By4FgTWE,"🛍️ [4K] Exploring Power Plant Mall | Rockwell, Makati City, Philippines 🇵🇭 | September 2026",,,
powerplant_mall,y-vT0YwsA24,Power Plant Mall Rockwell Makati 🇵🇭 | Sosyal Luxury Mall Walking Tour 4K,,,
powerplant_mall,Y2p9EhVHlsQ,Power Plant Mall Rockwell Center Makati | 4K Virtual Walking Tour,,,
powerplant_mall,hvF9hMTugFc,[4K] Power Plant Mall: Makati’s Luxury & Upscale Spot | Rockwell Center • September 2026 🇵🇭,,,
powerplant_mall,0Zs_cIhSs18,4K Rainy Saturday Power Plant Mall Walking Tour | Luxury shopping mall | Rockwell Makati Philippines,,,
powerplant_mall,RD5EYIo2yeI,"Power Plant Mall | Walking Tour | Rockwell Center | 4K | Tour From Home TV | Makati, Philippines",,,
powerplant_mall,kLGlnbC8kxM,"[4K] Power Plant Mall Walking Tour | Rockwell Center, Makati, Philippines June 2020",,,
powerplant_mall,hKOeFYFXIKg,Power Plant Mall | Walking Tour 2022 | Rockwell Center | luxury Mall | Makati City Philippines,,,
powerplant_mall,pBTji3umPuE,POWER PLANT MALL || ROCKWELL MAKATI WALK TOUR,,,
makati_city_hall,x0txGMTRUO0,Makati City Hall,,,40
makati_city_hall,R86sU24nTcg,MAKATI CITY HALL | MAKATI CITY 2ND RICHEST CITY IN THE PHILIPPINES,,,40
makati_city_hall,U-MWjTxjEqE,Makati City Hall City Streets,,,40
makati_city_hall,_pwibF56sDY,Makati City Hall Skyline View by HourPhilippines.com,,,40
makati_city_hall,RoVQSdAseuQ,MAKATI CITY HALL WALKING TOUR 😍,,,40
makati_city_hall,lUMJzxV1LbM,Makati City Hall - Chill Manila Drives 4K,,,40
makati_city_hall,jOweyOE1QG8,Makati City Hall NSO Ceritified Documents by HourPhilippines.com,,,40
makati_city_hall,mUBa12R_XH4,How to get to Makati City Hall,,,40
ayala_museum,Q_-wvRqMQ0s,Welcome to the new Ayala Museum and Filipinas Heritage Library!,,,35
ayala_museum,tXLGj0nGg1I,🎨Ayala Museum Tour Makati | Things To Do In Makati| Gold in the Philippines KMJS | Carlo Ver & Yoda,,,35
ayala_museum,N1QwW7Ye-ac,"""Ayala Museum | Must Visit Cultural Spot in Makati for Travelers and Locals""",,,35
ayala_museum,lyGrKbhxJoU,2022 Ayala Museum Full Guided Walking Tour | Gold of Ancestors | Diorama Experience Philippines,,,35
ayala_museum,duFxzCdYMzA,Ayala Museum Makati Philippines 2025,,,35
ayala_museum,sYz8-pvYQh0,"Ayala Museum, Philippines 🇵🇭 (May 2026) — Gold of Ancestors, MEZCLA, Diorama Experience",,,35
ayala_museum,V0PrfzXWQh0,Quick tour at Ayala Museum Sept 17 2025,,,35
ayala_museum,CSPJ17jg0p4,AYALA MUSEUM WALKING TOUR,,,35
ayala_museum,MGm8pfz9X9c,Ayala Museum Tour (2024),,,35
ayala_museum,Jldog3aEPWk,"Ayala Museum Tour, July 29, 2026",,,35
ayala_museum,4L66NS87bEM,Little Tour of Philippine History and Gold Collection at Ayala Museum Philippines 🇵🇭,,,35
ayala_museum,uWzJzbk_olY,Ayala Museum  [Gold and a taste of history.],,,35
one_ayala,NA1ym27Tcxo,"ONE AYALA 2026 Walking Tour | Ayala Center, Makati City, Philippines [4K]",,,
one_ayala,0kSDYEQgDIw,One Ayala Mall is FINALLY OPEN! | Makati's Newest Mall | Walking Tour | 4K | Philippines,,,
one_ayala,u73tGPc_fok,[4K] One Ayala Mall Makati Philippines | Walking Tour 2026..,,,
one_ayala,QoSH4t7bI5Y,MALL and TRANSPORT TERMINAL in One Place! | One Ayala Makati Walking Tour 2026 | Makati City,,,
one_ayala,Mjgrt-G9yfM,One Ayala Mall Weekend Walk 🇵🇭 The New Makati Lifestyle Hub In Stunning 4K HDR 2026 Philippines ,,,
one_ayala,oOsoPTyRhZk,"Mall Tour, Dining Spots, Tech Central & City Views | One Ayala Makati Walking Tour [4K]",,,
one_ayala,gWiyWvv8pCM,"[4K] ONE AYALA TOUR 2025 |The Philippines’ Modern Transport Hub, Shopping Mall & Lifestyle|Makati 🇵🇭",,,
one_ayala,ekWxdjfwStU,Exploring One Ayala Bus & PUV Terminal + Mall | Makati City | 4K Walking Tour | Philippines,,,
one_ayala,KPTI5Y-5ers,A Walking Tour at ONE AYALA by Ayala Malls - Makati City #walking #OneAyala #MakatCity,,,
one_ayala,TQfgqA4QMZg,The NEWEST Bus & PUV Terminal in Makati! - ONE AYALA TERMINAL | Full Walking Tour | 4K | Philippines,,,
one_ayala,c0Dzpw2shlI,One Ayala Terminal & Mall - Makati | Walking Tour [4K UHD],,,
one_ayala,AGyvPiqkiuE,"[4K] It's Almost Complete | One Ayala Terminal Walking Tour | Makati, Philippines",,,
one_ayala,sGloKdTuj0A,"NEW WORLD CLASS Bus and PUV Terminal in Makati, Philippines! ONE AYALA TERMINAL Walking Tour | 4K",,,
one_ayala,jV_QYuccSdU,One Ayala Full Walking Tour | A World Class Bus Terminal In The Philippines! | 4K,,,
salcedo_weekend_market,GFKoFmgHRVU,Salcedo market - Makati: Is it worth the hype? | Vlog 04,,,
salcedo_weekend_market,jqCI8z61Lmk,Is Salcedo Market REALLY Worth the Hype? 🇵🇭 - Piero Rossi,,,
salcedo_weekend_market,8sXtmSpebZE,"₱1,000 at Salcedo Saturday Market 🇵🇭 | Manila’s Most EXPENSIVE Food?",,,
salcedo_weekend_market,aUzi56s9NkU,Salcedo Saturday Market 2026,,,
salcedo_weekend_market,IpaqOINtWsA,Salcedo Market 2026 is HUGE Now! 😱 | Still Makati's BEST Saturday Market? | PT1,,,
salcedo_weekend_market,2kEOLGNYdfw,Salcedo Saturday Market,,,
salcedo_weekend_market,1X1khEZP-9w,SALCEDO MAKATI 2026 🇵🇭 INSANE STREET FOOD Weekend Market | 4K HDR WALKING TOUR,,,
salcedo_weekend_market,zUPxuYZtYjU,SALCEDO WEEKEND MARKET MAKATI 2026 🇵🇭 Street Food | 4K HDR WALKING TOUR,,,
salcedo_weekend_market,wry4j_kqsj4,SALCEDO WEEKEND MARKET 🇵🇭 | A Walk Through Makati's Best Weekend Experience | That Girl Wanders,,,
salcedo_weekend_market,ycX_ttYBXkQ,[4K] AMAZING Busy Food Market in Makati | Salcedo Saturday Market Walk Philippines,,,
salcedo_weekend_market,pF-S0Kg2z3g,2024 SALCEDO WEEKEND MARKET Walking Tour: Explore Local Flavors and Fresh Finds | Makati City 🇵🇭,,,
salcedo_weekend_market,wR8edhcybKk,Salcedo Weekend Market Makati - Full Walk Around This Popular Saturday Market,,,
other,dH-dbED0aPI,negative: not a target landmark (outside Makati),,,30
other,9iWLXlc5RWg,negative: not a target landmark (outside Makati),,,30
other,ZNm6U_ran2c,negative: not a target landmark (outside Makati),,,30
other,x9tY5wgoQRc,negative: not a target landmark (outside Makati),,,30
other,Z3FWDaYSteA,negative: not a target landmark (outside Makati),,,30
other,oJEFnQ4W_ew,negative: not a target landmark (outside Makati),,,30
other,XyojEaNn4LU,negative: not a target landmark (outside Makati),,,30
other,x-9aIA1mK8E,negative: not a target landmark (outside Makati),,,30
other,rYYSZJfGmMw,negative: not a target landmark (outside Makati),,,30
other,fAuOBYYTgaw,negative: not a target landmark (outside Makati),,,30
other,LiDOsCt3gFk,negative: not a target landmark (outside Makati),,,30
other,KT3vXLJ2hzE,negative: not a target landmark (outside Makati),,,30
other,KWaqqCFJquY,negative: not a target landmark (outside Makati),,,30
other,tBgStMVOFM8,negative: not a target landmark (outside Makati),,,30
other,ZFdInURf-vk,negative: not a target landmark (outside Makati),,,30
other,zA0ratoS2sA,negative: not a target landmark (outside Makati),,,30
other,6eDwhiH39o4,negative: not a target landmark (outside Makati),,,30
other,YXCB4ADASxw,negative: not a target landmark (outside Makati),,,30
other,LCbmZ5b3mwI,negative: not a target landmark (outside Makati),,,30
other,b-eXCPLltb0,negative: not a target landmark (outside Makati),,,30
other,NSSeGfPLoMY,negative: not a target landmark (outside Makati),,,30
other,bSLESOpvkdM,negative: not a target landmark (outside Makati),,,30
