id,name,latitude,longitude,street_side_or_entrance,source_reference,verified_on,status,notes,researched_on,evidence_kind
one-ayala-p2p-loading,One Ayala P2P loading area,,,Upper Ground bus area; exact bay unconfirmed,https://www.topgear.com.ph/news/motoring-news/p2p-2026-circuit-makati-one-ayala-a2619-20260428 | https://www.globe.com.ph/blog/one-ayala-terminal-guide,,source-reviewed,No mall centroid substituted for boarding coordinates,2026-10-09,news-report
circuit-cityflats-p2p-loading,Circuit CityFlats P2P loading point,,,The CityFlats on Theater Drive; exact curb unconfirmed,https://www.topgear.com.ph/news/motoring-news/p2p-2026-circuit-makati-one-ayala-a2619-20260428 | https://thecityflats.com/contact,,source-reviewed,See circuit-coordinate-candidates.csv; property pins and nearby provider stops not substituted for loading curb,2026-10-09,news-report
one-ayala-makati-loop-gate-4,One Ayala Makati Loop queue - Gate 4,,,PUJ terminal; Gate 4 per terminal guide,https://www.spot.ph/newsfeatures/mobility/routes-at-one-ayala-2026-a5229-20260422-bsc | https://philippines.iom.int/sites/g/files/tmzbdl1651/files/documents/2024-04/mhc-location-map-and-route.pdf,,source-reviewed,IOM indexed visitor directions corroborate gate; full PDF retrieval failed. Current signage and coordinates unverified; see source-review.csv,2026-10-09,news-and-primary-search-excerpt
landmark-makati-loop-queue,Landmark Makati Makati Loop queue,,,Queue at Landmark; precise side needs confirmation,https://www.reddit.com/r/makati/comments/1qp205i/landmark_to_makati_city_hall/,,source-reviewed,Do not reuse department-store coordinate as queue location,2026-10-09,community-report
kalayaan-makati-loop-boarding,Kalayaan Avenue Makati Loop boarding area,,,Exact legal stop unresolved,https://www.reddit.com/r/HowToGetTherePH/comments/1awgzho/,,source-reviewed,Source supports a walk from City Hall to Kalayaan; no exact pickup coordinate,2026-10-09,community-report
one-ayala-washington-basement,One Ayala Washington jeepney queue,,,Floor disputed: basement community lead versus UGF terminal guide,https://www.reddit.com/r/commutersph/comments/1seluiy/one_ayala_to_makati_cbd/ | https://www.spot.ph/newsfeatures/mobility/routes-at-one-ayala-2026-a5229-20260422-bsc,,source-reviewed,ID retained for continuity; does not prove basement loading. See washington-floor in source-review.csv,2026-10-09,conflicting-news-and-community
one-ayala-prc-basement,One Ayala PRC jeepney queue,,,Basement; confirm whether same queue as Gate 4 Makati Loop,https://www.reddit.com/r/HowToGetTherePH/comments/1jopt1m/one_ayala_to_salcedo_weekend_market/,,source-reviewed,Kept distinct until signage proves it is the same boarding point,2026-10-09,community-search-excerpt
san-lorenzo-place-prc-queue,San Lorenzo Place PRC jeepney queue,,,Mall-side terminal area; exact bay unconfirmed,https://www.reddit.com/r/HowToGetTherePH/comments/1i99pc0/,,source-reviewed,Research origin outside the 15-landmark catalog; not a new supported app landmark,2026-10-09,community-search-excerpt
one-ayala-libertad-gate-3,One Ayala Libertad jeepney queue - Gate 3,,,PUJ terminal; Gate 3 per guide,https://www.spot.ph/newsfeatures/mobility/routes-at-one-ayala-2026-a5229-20260422-bsc,,source-reviewed,Parish alighting/access remains an inference,2026-10-09,news-report
guadalupe-cloverleaf-leon-guinto,Guadalupe Cloverleaf L. Guinto jeepney queue,,,Cloverleaf behind Guadalupe Mall; exact bay unconfirmed,https://www.reddit.com/r/HowToGetTherePH/comments/1oe4h2e/ | https://www.reddit.com/r/HowToGetTherePH/comments/1vu7u80/bgc_to_rockwell_center_makati_city/,,source-reviewed,Research origin outside the 15-landmark catalog; match actual Paco/Taft/Herran signage,2026-10-09,community-report
historical-one-ayala-eloop-p2p,One Ayala Makati Loop e-jeep P2P lane - historical,,,Ground-floor P2P lane in 2023 report,https://www.topgear.com.ph/news/motoring-news/makati-loop-e-jeepney-love-bus-a2619-20230619,,historical,Do not assume still current or equivalent to 2026 queues,2026-10-09,historical-news
