destination_id,origin,transportation_type,route_id,where_to_board,where_to_get_off,remaining_access,source_reference,status,notes,researched_on,verification_status,verification_reviewed_on,verification_scope
ayala-center,Ayala Malls Circuit,bus,circuit-p2p-to-one-ayala,Circuit CityFlats P2P loading point,One Ayala terminal,Choose the intended Ayala Center building and verify the remaining pedestrian connection,https://www.topgear.com.ph/news/motoring-news/p2p-2026-circuit-makati-one-ayala-a2619-20260428 | https://en.wikipedia.org/wiki/Ayala_Center,inferred,The published route serves One Ayala; access to an unspecified point in Ayala Center is not a verified journey,2026-10-09,partially-supported,2026-10-09,Circuit to selected Ayala Center site
avida-makati-southpoint,San Lorenzo Place (research-only origin),jeepney,prc-to-makati-southpoint,San Lorenzo Place PRC jeepney queue,Avida Towers Makati Southpoint; exact legal stop unresolved,Confirm street side and entrance,https://www.reddit.com/r/HowToGetTherePH/comments/1i99pc0/,source-reviewed,Full January 2025 reply retrieved; several signboards mentioned but not assumed interchangeable. Exact stop and coordinates pending,2026-10-09,partially-supported,2026-10-09,PRC corridor plus Southpoint access
ayala-malls-circuit,One Ayala,bus,circuit-p2p-to-circuit,One Ayala P2P loading area; exact bay unresolved,Gallery Drive at Circuit Makati,Locate the selected mall entrance within Circuit,https://www.topgear.com.ph/news/motoring-news/p2p-2026-circuit-makati-one-ayala-a2619-20260428,source-reviewed,Different return loading point; confirm current weekday service and beep requirement,2026-10-09,partially-supported,2026-10-09,One Ayala to Circuit mall entrance
st-john-bosco-parish,One Ayala,jeepney,libertad-to-don-bosco,One Ayala PUJ Gate 3 per guide,J. Victor / Arnaiz near WalterMart (inferred),Verify pedestrian connection and church entrance,https://www.spot.ph/newsfeatures/mobility/routes-at-one-ayala-2026-a5229-20260422-bsc | https://www.reddit.com/r/commutersph/comments/1s44mcr/jeepney_route_pasay_road_to_libertad/ | https://moovitapp.com/index/en/public_transit-Don_Bosco-Manila-street_2657423-1022,inferred,Street-path evidence is not direct confirmation of a parish journey,2026-10-09,conflicting,2026-10-09,westbound route plus parish access
manila-premiere-wines,,,,,,,https://www.businesslist.ph/company/304326/manila-premiere-wines,unresolved,Address lead: Cacho Gonzalez Building / 101 Aguirre. No defensible direct route or boarding/alighting pair found,2026-10-09,unsupported,2026-10-09,journey to photographed wine business
rcbc-plaza,One Ayala,jeepney,washington-to-rcbc,One Ayala Washington queue; floor disputed,RCBC Plaza / Makati Post Office area,Locate verified RCBC entrance from safe alighting point,https://www.reddit.com/r/commutersph/comments/1seluiy/one_ayala_to_makati_cbd/,source-reviewed,Basement versus UGF conflict; see source-review.csv. LRT Buendia bus alternative in transportation-options.csv,2026-10-09,conflicting,2026-10-09,origin queue plus RCBC journey
sm-makati,Ayala Malls Circuit,bus,circuit-p2p-to-one-ayala,Circuit CityFlats P2P loading point,One Ayala terminal,Globe describes footbridge access via SM Store levels 3 and 4,https://www.topgear.com.ph/news/motoring-news/p2p-2026-circuit-makati-one-ayala-a2619-20260428 | https://www.globe.com.ph/blog/one-ayala-terminal-guide,inferred,Bus leg is published; pedestrian connection and opening/access conditions need field confirmation,2026-10-09,partially-supported,2026-10-09,Circuit to SM Makati entrance
landmark-makati,Makati City Hall,jeepney,makati-loop-to-landmark,Kalayaan Avenue Makati Loop boarding area; exact point unresolved,Landmark Makati,Walk from City Hall toward Kalayaan via Nicanor Garcia before boarding,https://www.reddit.com/r/HowToGetTherePH/comments/1awgzho/,source-reviewed,Directional community advice; do not reverse outbound JP Rizal stop. Walking alternative from One Ayala in transportation-options.csv,2026-10-09,partially-supported,2026-10-09,City Hall access plus Kalayaan return leg
greenbelt,Ayala Malls Circuit,bus,circuit-p2p-to-one-ayala,Circuit CityFlats P2P loading point,One Ayala terminal,Globe describes Greenbelt as walk-accessible; choose the exact building and entrance,https://www.topgear.com.ph/news/motoring-news/p2p-2026-circuit-makati-one-ayala-a2619-20260428 | https://www.globe.com.ph/blog/one-ayala-terminal-guide,inferred,Hub plus last-mile lead. Older Greenbelt 3 electric-jeep report is listed separately as historical,2026-10-09,partially-supported,2026-10-09,Circuit to chosen Greenbelt entrance
glorietta,Ayala Malls Circuit,bus,circuit-p2p-to-one-ayala,Circuit CityFlats P2P loading point,One Ayala terminal,Globe identifies a connection at Glorietta 5 mall lobby,https://www.topgear.com.ph/news/motoring-news/p2p-2026-circuit-makati-one-ayala-a2619-20260428 | https://www.globe.com.ph/blog/one-ayala-terminal-guide,inferred,Confirm chosen Glorietta building and pedestrian access; not a bus drop-off inside Glorietta,2026-10-09,partially-supported,2026-10-09,Circuit to chosen Glorietta entrance
powerplant-mall,Guadalupe Cloverleaf (research-only origin),jeepney,guadalupe-to-powerplant,Guadalupe Cloverleaf L. Guinto / Paco Taft Herran queue,Aruga condominium vicinity on J. P. Rizal; community lead,Walk to Power Plant Mall; verify crossing and entrance,https://www.reddit.com/r/HowToGetTherePH/comments/1wi6kgr/from_ayalaguadalupe_mrt_to_powerplant_mallrockwell/ | https://www.reddit.com/r/HowToGetTherePH/comments/1oe4h2e/ | https://www.reddit.com/r/HowToGetTherePH/comments/1vu7u80/bgc_to_rockwell_center_makati_city/,source-reviewed,September 2026 reply adds Aruga alighting lead; safe curb and pedestrian crossing remain unverified,2026-10-09,partially-supported,2026-10-09,Guadalupe leg plus mall walking access
makati-city-hall,The Landmark Makati,jeepney,makati-loop-landmark-to-city-hall,Landmark Makati Makati Loop queue,J. P. Rizal / Nicanor Garcia area,Walk to City Hall; confirm legal alighting side,https://www.reddit.com/r/makati/comments/1qp205i/landmark_to_makati_city_hall/ | https://www.reddit.com/r/HowToGetTherePH/comments/1awgzho/,source-reviewed,Observed signboard and precise point still need field evidence,2026-10-09,partially-supported,2026-10-09,directional route plus City Hall access
ayala-museum,Ayala Malls Circuit,bus,circuit-p2p-to-one-ayala,Circuit CityFlats P2P loading point,One Ayala terminal,Globe describes the museum as walk-accessible; exact pedestrian path unresolved,https://www.topgear.com.ph/news/motoring-news/p2p-2026-circuit-makati-one-ayala-a2619-20260428 | https://www.globe.com.ph/blog/one-ayala-terminal-guide,inferred,Hub plus last-mile lead; not a museum bus stop,2026-10-09,partially-supported,2026-10-09,Circuit to museum entrance
one-ayala,Ayala Malls Circuit,bus,circuit-p2p-to-one-ayala,Circuit CityFlats P2P loading point,One Ayala terminal,Locate the destination entrance within terminal complex,https://www.topgear.com.ph/news/motoring-news/p2p-2026-circuit-makati-one-ayala-a2619-20260428,source-reviewed,Confirm current service and exact terminal drop-off area,2026-10-09,partially-supported,2026-10-09,Circuit mall entrance to One Ayala arrival site
salcedo-weekend-market,One Ayala,jeepney,makati-loop-to-salcedo,One Ayala basement PRC queue,Reposo / Nicanor Garcia,Walk to Salcedo Market; exact path and crossing unverified,https://www.reddit.com/r/HowToGetTherePH/comments/1jopt1m/one_ayala_to_salcedo_weekend_market/,source-reviewed,Reposo access corroborated by Leviste thread; July report describes August-only pedestrian pilot. Current market and street access pending,2026-10-09,partially-supported,2026-10-09,PRC leg plus market walking access
