id,name,latitude,longitude,classification_label,entrance_or_site,source_reference,verified_on,status,notes,researched_on,evidence_kind
ayala-center,Ayala Center,14.552,121.023,,Complex reference point; choose an entrance,https://en.wikipedia.org/wiki/Ayala_Center,,source-reviewed,Broad complex coordinate; not a boarding point,2026-10-09,community-map
avida-makati-southpoint,Avida Towers Makati Southpoint,,,,2236 Chino Roces Avenue; entrance unconfirmed,https://www.waze.com/live-map/directions/ph/ncr/makati-city/avida-towers-makati-southpoint?to=place.ChIJFX875WXJlzMRsrFBKhZfrw0,,source-reviewed,Address lead only. A coordinate listing with inconsistent building metadata was not adopted,2026-10-09,place-directory
ayala-malls-circuit,Ayala Malls Circuit,14.575209,121.019945,,Mall location reference; entrance unconfirmed,"https://www.findlatitudeandlongitude.com/l/Ayala%2BMalls%2BCircuit,%2BWest%2BGala%2BDrive,%2BCarmona,%2BDistrict%2BI,%2BMakati,%2BSouthern%2BManila%2BDistrict,%2BMetro%2BManila,%2B1207,%2BPhilippines/10062909/",,source-reviewed,Secondary geocoded point; compare with field photos and entrance,2026-10-09,geocoded-directory
st-john-bosco-parish,St. John Bosco Parish,14.55042,121.0149,,Church site on A. Arnaiz Avenue,https://mapcarta.com/W28044791,,source-reviewed,OSM-derived building reference; entrance unconfirmed,2026-10-09,osm-derived
manila-premiere-wines,Manila Premiere Wines,,,,Cacho Gonzalez Building; 101 Aguirre Street,https://www.businesslist.ph/company/304326/manila-premiere-wines,,source-reviewed,Business listing address only; match the photographed storefront before assigning coordinates,2026-10-09,business-directory
rcbc-plaza,RCBC Plaza,14.560761,121.016533,,Building complex reference; entrance unconfirmed,https://www.wikidata.org/wiki/Q7276071,,source-reviewed,Converted from source DMS 14 33 38.74 N / 121 00 59.52 E; rounded to 6 decimals,2026-10-09,wikidata
sm-makati,SM Makati,14.54974,121.02673,,Department-store building reference,https://mapcarta.com/W27831200,,source-reviewed,OSM-derived building reference; not an entrance or PUJ bay,2026-10-09,osm-derived
landmark-makati,The Landmark Makati,14.5522,121.0237,,Department-store reference; entrance unconfirmed,https://ph.pagenation.com/mnl/Landmark_121.0237_14.5522.map,,source-reviewed,Lower-confidence older directory coordinate from source map link; confirm spelling and field position. A Taguig result was rejected,2026-10-09,place-directory
greenbelt,Greenbelt by Ayala,14.551833,121.022194,,Mall complex reference; choose building and entrance,https://en.wikipedia.org/wiki/Greenbelt_(shopping_mall),,source-reviewed,Does not identify the Greenbelt 3 e-jeep stop,2026-10-09,community-map
glorietta,Glorietta by Ayala,14.551111,121.025278,,Mall complex reference; choose building and entrance,https://www.wikidata.org/wiki/Q5571513,,source-reviewed,Converted from source DMS 14 33 4 N / 121 01 31 E; rounded to 6 decimals,2026-10-09,wikidata
powerplant-mall,Powerplant Mall,14.56482,121.03652,,Power Plant Mall building reference,https://mapcarta.com/W29243529,,source-reviewed,OSM-derived building reference; JP Rizal alighting point is a separate location,2026-10-09,osm-derived
makati-city-hall,Makati City Hall,14.57048,121.02722,,City hall building reference,https://mapcarta.com/W844522094,,source-reviewed,OSM-derived building reference; distinguish building from street-side alighting,2026-10-09,osm-derived
ayala-museum,Ayala Museum,14.55358,121.02325,,Museum location reference,https://mapcarta.com/N21717872,,source-reviewed,OSM-derived museum point; entrance unconfirmed,2026-10-09,osm-derived
one-ayala,One Ayala by Ayala Malls,14.55051,121.02789,,Commercial-complex reference,https://mapcarta.com/W270018476,,source-reviewed,OSM-derived complex point; no floor or specific loading bay implied,2026-10-09,osm-derived
salcedo-weekend-market,Salcedo Weekend Market,14.55996,121.02307,,Market reference on L. P. Leviste Street,https://mapcarta.com/N4535189996,,source-reviewed,OSM-derived market point; check event relocation notices before use,2026-10-09,osm-derived
