landmark_id,boarding_point_id,access_description,source_reference,verified_on,status,notes,researched_on
one-ayala,one-ayala-p2p-loading,Access within One Ayala; identify P2P bay,https://www.topgear.com.ph/news/motoring-news/p2p-2026-circuit-makati-one-ayala-a2619-20260428,,source-reviewed,Field access and precise boarding location not yet verified,2026-10-09
ayala-malls-circuit,circuit-cityflats-p2p-loading,Access from mall to CityFlats must be checked on foot,https://www.topgear.com.ph/news/motoring-news/p2p-2026-circuit-makati-one-ayala-a2619-20260428,,inferred,Field access and precise boarding location not yet verified,2026-10-09
one-ayala,one-ayala-makati-loop-gate-4,Locate PUJ terminal Gate 4,https://www.spot.ph/newsfeatures/mobility/routes-at-one-ayala-2026-a5229-20260422-bsc,,source-reviewed,Field access and precise boarding location not yet verified,2026-10-09
landmark-makati,landmark-makati-loop-queue,Locate actual Makati Loop queue at Landmark,https://www.reddit.com/r/makati/comments/1qp205i/landmark_to_makati_city_hall/,,source-reviewed,Field access and precise boarding location not yet verified,2026-10-09
makati-city-hall,kalayaan-makati-loop-boarding,Walk toward Kalayaan Avenue via Nicanor Garcia; legal pickup point unresolved,https://www.reddit.com/r/HowToGetTherePH/comments/1awgzho/,,source-reviewed,Field access and precise boarding location not yet verified,2026-10-09
one-ayala,one-ayala-washington-basement,Locate Washington queue in basement,https://www.reddit.com/r/commutersph/comments/1seluiy/one_ayala_to_makati_cbd/,,source-reviewed,Field access and precise boarding location not yet verified,2026-10-09
one-ayala,one-ayala-prc-basement,Locate PRC queue in basement; compare with Gate 4,https://www.reddit.com/r/HowToGetTherePH/comments/1jopt1m/one_ayala_to_salcedo_weekend_market/,,source-reviewed,Field access and precise boarding location not yet verified,2026-10-09
one-ayala,one-ayala-libertad-gate-3,Locate PUJ terminal Gate 3,https://www.spot.ph/newsfeatures/mobility/routes-at-one-ayala-2026-a5229-20260422-bsc,,source-reviewed,Field access and precise boarding location not yet verified,2026-10-09
one-ayala,historical-one-ayala-eloop-p2p,Historical e-jeep P2P lane access; recheck current service,https://www.topgear.com.ph/news/motoring-news/makati-loop-e-jeepney-love-bus-a2619-20230619,,historical,Field access and precise boarding location not yet verified,2026-10-09
