id,name,transportation_type,destination_id,travel_direction,alighting_location,source_reference,verified_on,status,notes,researched_on,evidence_kind,source_published_on
circuit-p2p-to-circuit,Circuit Makati - One Ayala P2P,bus,ayala-malls-circuit,One Ayala toward Circuit,Gallery Drive at Circuit Makati,https://www.topgear.com.ph/news/motoring-news/p2p-2026-circuit-makati-one-ayala-a2619-20260428,,source-reviewed,Walk within Circuit to chosen mall entrance. Weekday-only and beep-only conditions reported; confirm current service,2026-10-09,news-report,2026-04-28
circuit-p2p-to-one-ayala,Circuit Makati - One Ayala P2P,bus,one-ayala,Circuit toward One Ayala,One Ayala terminal,https://www.topgear.com.ph/news/motoring-news/p2p-2026-circuit-makati-one-ayala-a2619-20260428,,source-reviewed,CityFlats is the reported Circuit loading point; Gallery Drive is outbound drop-off and must not be substituted as the return boarding point,2026-10-09,news-report,2026-04-28
makati-loop-landmark-to-city-hall,Makati Loop / PRC / Puregold Makati,jeepney,makati-city-hall,Landmark toward PRC/Puregold,J. P. Rizal near Nicanor Garcia; walk to City Hall,https://www.reddit.com/r/makati/comments/1qp205i/landmark_to_makati_city_hall/ | https://www.reddit.com/r/HowToGetTherePH/comments/1awgzho/,,source-reviewed,Community-reported route; exact legal alighting site and access to City Hall remain unverified,2026-10-09,community-report,2026-01-28
makati-loop-one-ayala-to-city-hall,Makati Loop / PRC Circuit,jeepney,makati-city-hall,One Ayala toward PRC/Circuit,Near City Hall after Reposo/Nicanor Garcia; exact point unconfirmed,https://www.reddit.com/r/HowToGetTherePH/comments/1vdj8ec/from_one_ayala_to_makati_city_hall/ | https://www.spot.ph/newsfeatures/mobility/routes-at-one-ayala-2026-a5229-20260422-bsc,,source-reviewed,Terminal guide lists Gate 4; community source describes a short remaining walk. Verify direction and stop,2026-10-09,news-and-community,
makati-loop-to-landmark,Makati Loop,jeepney,landmark-makati,From Kalayaan Avenue toward Landmark,Landmark Makati,https://www.reddit.com/r/HowToGetTherePH/comments/1awgzho/,,source-reviewed,City Hall origin requires access to Kalayaan Avenue; do not reverse the JP Rizal outbound stop. Exact pickup point unresolved,2026-10-09,community-report,2024-02-21
washington-to-rcbc,Ayala - Washington,jeepney,rcbc-plaza,One Ayala toward Washington,RCBC Plaza / Makati Post Office area; walk to entrance,https://www.reddit.com/r/commutersph/comments/1seluiy/one_ayala_to_makati_cbd/,,source-reviewed,2026 community source places queue in One Ayala basement. Older Shell pickup claims conflict. Terminal-guide stop list looks duplicated; do not use it as route geometry,2026-10-09,community-report,
makati-loop-to-salcedo,Makati Loop / PRC,jeepney,salcedo-weekend-market,One Ayala toward PRC,Reposo / Nicanor Garcia; walk to Salcedo Market,https://www.reddit.com/r/HowToGetTherePH/comments/1jopt1m/one_ayala_to_salcedo_weekend_market/,,source-reviewed,Community advice names PRC jeep at basement; confirm actual signboard and alighting side. Market itself is not a jeep stop,2026-10-09,community-search-excerpt,
prc-to-makati-southpoint,Kayamanan C - PRC via Chino Roces,jeepney,avida-makati-southpoint,San Lorenzo Place toward PRC,Avida Towers Makati Southpoint on Chino Roces,https://www.reddit.com/r/HowToGetTherePH/comments/1i99pc0/,,source-reviewed,Community search excerpt says board a PRC-bound jeep at San Lorenzo Place. Exact stop and route label require confirmation; do not treat PRC/Washington as interchangeable,2026-10-09,community-search-excerpt,
libertad-to-don-bosco,Pasay Road - Libertad,jeepney,st-john-bosco-parish,One Ayala toward Libertad,J. Victor / Arnaiz near WalterMart; walking access to parish needs confirmation,https://www.reddit.com/r/commutersph/comments/1s44mcr/jeepney_route_pasay_road_to_libertad/ | https://www.spot.ph/newsfeatures/mobility/routes-at-one-ayala-2026-a5229-20260422-bsc | https://moovitapp.com/index/en/public_transit-Don_Bosco-Manila-street_2657423-1022,,inferred,Inferred from westbound street path and nearby-stop listings; not a directly verified parish journey. Avoid assuming both directions use Arnaiz / Chino Roces,2026-10-09,inference,
guadalupe-to-powerplant,Guadalupe - L. Guinto / Paco Taft Herran,jeepney,powerplant-mall,Guadalupe toward Manila along J. P. Rizal,Rockwell area on J. P. Rizal; walk to Power Plant Mall,https://www.reddit.com/r/HowToGetTherePH/comments/1oe4h2e/ | https://www.reddit.com/r/HowToGetTherePH/comments/1vu7u80/bgc_to_rockwell_center_makati_city/,,source-reviewed,Community guidance; no claim that jeep enters the mall. Exact safe alighting and pedestrian access remain unverified,2026-10-09,community-report,
historical-eloop-to-greenbelt,Makati Loop electric jeepney,jeepney,greenbelt,One Ayala toward Circuit; directional stop sequence unconfirmed,Greenbelt 3 stop reported in 2023,https://www.topgear.com.ph/news/motoring-news/makati-loop-e-jeepney-love-bus-a2619-20230619,,historical,Electric jeepney is categorized as jeepney; not e-bus. Current service and which direction serves Greenbelt 3 need fresh confirmation,2026-10-09,historical-news,2023-06-19
