route_id,boarding_point_id,stop_order,source_reference,verified_on,status,notes,researched_on,evidence_kind,boarding_instructions
circuit-p2p-to-circuit,one-ayala-p2p-loading,0,https://www.topgear.com.ph/news/motoring-news/p2p-2026-circuit-makati-one-ayala-a2619-20260428,,source-reviewed,0 orders the single collected origin point only; not a scraped full stop sequence,2026-10-09,news-report,
circuit-p2p-to-one-ayala,circuit-cityflats-p2p-loading,0,https://www.topgear.com.ph/news/motoring-news/p2p-2026-circuit-makati-one-ayala-a2619-20260428,,source-reviewed,0 orders the single collected origin point only; not a scraped full stop sequence,2026-10-09,news-report,
makati-loop-landmark-to-city-hall,landmark-makati-loop-queue,0,https://www.reddit.com/r/makati/comments/1qp205i/landmark_to_makati_city_hall/,,source-reviewed,0 orders the single collected origin point only; not a scraped full stop sequence,2026-10-09,community-report,
makati-loop-one-ayala-to-city-hall,one-ayala-makati-loop-gate-4,0,https://www.spot.ph/newsfeatures/mobility/routes-at-one-ayala-2026-a5229-20260422-bsc | https://www.reddit.com/r/HowToGetTherePH/comments/1vdj8ec/from_one_ayala_to_makati_city_hall/,,source-reviewed,0 orders the single collected origin point only; not a scraped full stop sequence,2026-10-09,news-and-community,
makati-loop-to-landmark,kalayaan-makati-loop-boarding,0,https://www.reddit.com/r/HowToGetTherePH/comments/1awgzho/,,source-reviewed,0 orders the single collected origin point only; not a scraped full stop sequence,2026-10-09,community-report,
washington-to-rcbc,one-ayala-washington-basement,0,https://www.reddit.com/r/commutersph/comments/1seluiy/one_ayala_to_makati_cbd/,,source-reviewed,Floor is disputed; see source-review.csv. 0 is the single collected boarding point only,2026-10-09,community-report,
makati-loop-to-salcedo,one-ayala-prc-basement,0,https://www.reddit.com/r/HowToGetTherePH/comments/1jopt1m/one_ayala_to_salcedo_weekend_market/,,source-reviewed,0 orders the single collected origin point only; not a scraped full stop sequence,2026-10-09,community-search-excerpt,
prc-to-makati-southpoint,san-lorenzo-place-prc-queue,0,https://www.reddit.com/r/HowToGetTherePH/comments/1i99pc0/,,source-reviewed,0 orders the single collected origin point only; not a scraped full stop sequence,2026-10-09,community-search-excerpt,
libertad-to-don-bosco,one-ayala-libertad-gate-3,0,https://www.spot.ph/newsfeatures/mobility/routes-at-one-ayala-2026-a5229-20260422-bsc | https://www.reddit.com/r/commutersph/comments/1s44mcr/jeepney_route_pasay_road_to_libertad/,,inferred,0 orders the single collected origin point only; not a scraped full stop sequence,2026-10-09,inference,
guadalupe-to-powerplant,guadalupe-cloverleaf-leon-guinto,0,https://www.reddit.com/r/HowToGetTherePH/comments/1oe4h2e/ | https://www.reddit.com/r/HowToGetTherePH/comments/1vu7u80/bgc_to_rockwell_center_makati_city/,,source-reviewed,0 orders the single collected origin point only; not a scraped full stop sequence,2026-10-09,community-report,
historical-eloop-to-greenbelt,historical-one-ayala-eloop-p2p,0,https://www.topgear.com.ph/news/motoring-news/makati-loop-e-jeepney-love-bus-a2619-20230619,,historical,0 orders the single collected origin point only; not a scraped full stop sequence,2026-10-09,historical-news,
