claim_id,record_id,field_reviewed,source_supported_finding,source_reference,evidence_kind,source_date_or_context,reviewed_on,review_result,still_required
circuit-outbound,circuit-p2p-to-circuit,direction and alighting,April report describes bus loading at One Ayala and arrival at Gallery Drive in Circuit,https://www.topgear.com.ph/news/motoring-news/p2p-2026-circuit-makati-one-ayala-a2619-20260428,news-report,2026-04-28,2026-10-09,source-supported,Current operator confirmation; exact boarding bay and coordinates; pedestrian access to the selected mall entrance
circuit-return,circuit-p2p-to-one-ayala,direction and boarding,April report distinguishes CityFlats pickup toward One Ayala from Gallery Drive arrival in the opposite direction,https://www.topgear.com.ph/news/motoring-news/p2p-2026-circuit-makati-one-ayala-a2619-20260428,news-report,2026-04-28,2026-10-09,source-supported,Current service and legal loading curb; exact coordinates
circuit-service-conflict,circuit-p2p-to-one-ayala,current availability,May riders report missed arrivals and inconsistent terminal information despite some reporting actual rides,https://www.reddit.com/r/makati/comments/1t6e4fs/p2p_buses_in_ayala_malls_circuitone_ayala/,community-report,2026-05-07 and 2026-05-08,2026-10-09,conflicting,Confirm both directions with the operator before the demo; do not promise timetable reliability
circuit-event-stop,circuit-cityflats-p2p-loading,stop vicinity,Organizer lists a P2P drop-off beside CityFlats for its February event,https://www.artfairphilippines.com/afp2026/visitorinfo.php,primary-event-guide,2026-02-06 to 2026-02-08 event,2026-10-09,limited-support,Does not identify the One Ayala return loading curb or coordinates; do not equate this event drop-off with that pickup
makati-loop-gate,one-ayala-makati-loop-gate-4,gate and vehicle class,IOM visitor directions identify Gate 4 Makati Loop-Landmark and jeep or e-jeep service toward Makati Avenue,https://philippines.iom.int/sites/g/files/tmzbdl1651/files/documents/2024-04/mhc-location-map-and-route.pdf,primary-search-excerpt,2024-04 URL directory; publication date unconfirmed,2026-10-09,limited-support,Full PDF retrieval failed; current signage and exact bay coordinates; City Hall alighting is not established by this source
landmark-queue,landmark-makati-loop-queue,queue vicinity,IOM visitor directions identify a Landmark Makati departure near Greenbelt 3,https://philippines.iom.int/sites/g/files/tmzbdl1651/files/documents/2024-04/mhc-location-map-and-route.pdf,primary-search-excerpt,2024-04 URL directory; publication date unconfirmed,2026-10-09,limited-support,Exact street side and destination-specific service; do not infer City Hall arrival from this document
landmark-circuit-history,landmark-makati-loop-queue,historical route and pedestrian access,Theater guide describes Ayala Landmark-Puregold service from South Drive/Arnaiz to JP Rizal/Honradez followed by walking via Trabajo and Hippodromo,https://www.circuitperformingartstheater.com/directions-to-the-samsung-performing-arts-theater/,primary-venue-guide,2020-08-27 page date,2026-10-09,historical,Current service and loading site; page ambiguously says bus or jeepney; this Circuit journey does not verify the City Hall route
libertad-gate,one-ayala-libertad-gate-3,gate and route,April terminal guide assigns Pasay Road-Libertad to Gate 3,https://www.spot.ph/newsfeatures/mobility/routes-at-one-ayala-2026-a5229-20260422-bsc,news-report,2026-04-22,2026-10-09,source-supported,Current signage and exact coordinates; parish alighting and walking remain inferred
washington-floor,one-ayala-washington-basement,terminal floor,April terminal guide lists Washington at UGF while the existing commuter lead says basement,https://www.spot.ph/newsfeatures/mobility/routes-at-one-ayala-2026-a5229-20260422-bsc | https://www.reddit.com/r/commutersph/comments/1seluiy/one_ayala_to_makati_cbd/,conflicting-news-and-community,2026 reports,2026-10-09,conflicting,Confirm the floor and bay in person or with the terminal; neither floor is treated as verified
museum-address,ayala-museum,destination address,Museum website locates the museum at Makati Avenue corner De La Rosa Street in Greenbelt Park,https://www.ayalamuseum.org/visit,primary-venue-page,Undated page,2026-10-09,source-supported,Exact arrival entrance and pedestrian path; address alone does not validate a route or boarding coordinates
