option_id,landmark_id,origin,vehicle_type,route_or_signboard,where_to_board,where_to_get_off,remaining_access,status,evidence_kind,source_reference,source_date,researched_on,open_questions,verification_status,verification_reviewed_on,verification_scope
ayala-center-via-terminal,ayala_center,Ayala Malls Circuit,bus,Circuit to One Ayala P2P,The CityFlats Circuit loading point,One Ayala,Choose a specific building within Ayala Center,inferred,news-and-access-guide,https://www.topgear.com.ph/news/motoring-news/p2p-2026-circuit-makati-one-ayala-a2619-20260428 | https://thebeat.asia/manila/nomads/explore/ayala-center-malls-guide,2026-04-28 bus report; 2026-02-24 access guide,2026-10-09,Exact destination entrance and pedestrian access; no universal Ayala Center stop,partially-supported,2026-10-09,Circuit to selected Ayala Center site
southpoint-from-mantrade,avida_makati_southpoint,San Lorenzo Place research-only origin,jeepney,PRC-bound jeep along Chino Roces,San Lorenzo Place jeep terminal,Avida Towers Makati Southpoint vicinity,Confirm entrance and legal alighting side,source-reviewed,community-report,https://www.reddit.com/r/HowToGetTherePH/comments/1i99pc0/,2025-01-25 reply,2026-10-09,Source also mentions Washington and WalterMart-bound jeeps; do not merge distinct services; exact queue and coordinates unknown,partially-supported,2026-10-09,PRC corridor plus Southpoint access
circuit-from-one-ayala,ayala_malls_circuit,One Ayala,bus,One Ayala to Circuit P2P,One Ayala P2P area,Gallery Drive Circuit,Walk to chosen mall entrance,source-reviewed,news-report,https://www.topgear.com.ph/news/motoring-news/p2p-2026-circuit-makati-one-ayala-a2619-20260428,2026-04-28,2026-10-09,Current operator and exact loading bay; arrival is not the return pickup,partially-supported,2026-10-09,One Ayala to Circuit mall entrance
parish-from-one-ayala,st_john_bosco_parish,One Ayala,jeepney,Pasay Road-Libertad,Gate 3 reported by April guide,J Victor/Arnaiz near WalterMart candidate,Walk to parish entrance,inferred,news-and-community,https://www.spot.ph/newsfeatures/mobility/routes-at-one-ayala-2026-a5229-20260422-bsc | https://www.reddit.com/r/makati/comments/1shbkf2/how_to_commute_from_rcbc_to_st_john_bosco_church/ | https://w.sjbmakati.com/contact-us.html,2026-04-22 guide; older parish page,2026-10-09,Older parish indexed guide says Libertad-Landmark passes church both ways; current westbound street path and exact stop still unresolved,conflicting,2026-10-09,westbound route plus parish access
rcbc-washington,rcbc_plaza,One Ayala,jeepney,Ayala-Washington,One Ayala queue; floor disputed,RCBC Plaza/Makati Post Office vicinity,Walk to chosen entrance,source-reviewed,conflicting-news-and-community,https://www.reddit.com/r/commutersph/comments/1seluiy/one_ayala_to_makati_cbd/ | https://www.spot.ph/newsfeatures/mobility/routes-at-one-ayala-2026-a5229-20260422-bsc,2026-04-07 reply; 2026-04-22 guide,2026-10-09,Basement versus UGF conflict; loading location and direction-specific legal stop,conflicting,2026-10-09,origin queue plus RCBC journey
sm-makati-via-terminal,sm_makati,Ayala Malls Circuit,bus,Circuit to One Ayala P2P,The CityFlats Circuit loading point,One Ayala,Published footbridge connection to SM Store levels 3 and 4,inferred,news-and-access-guide,https://www.topgear.com.ph/news/motoring-news/p2p-2026-circuit-makati-one-ayala-a2619-20260428 | https://www.globe.com.ph/blog/one-ayala-terminal-guide,2026-04-28 bus report; 2026-03-16 access guide,2026-10-09,Exact bus drop-off; path from bay to bridge; access hours,partially-supported,2026-10-09,Circuit to SM Makati entrance
landmark-from-city-hall,landmark_makati,Makati City Hall,jeepney,Makati Loop toward Landmark,Kalayaan Avenue candidate; exact stop pending,Landmark Makati,Walk from City Hall toward Kalayaan via Nicanor Garcia,source-reviewed,community-report,https://www.reddit.com/r/HowToGetTherePH/comments/1awgzho/,2024-02-21,2026-10-09,Direction-specific legal boarding point; do not reverse outbound JP Rizal stop,partially-supported,2026-10-09,City Hall access plus Kalayaan return leg
greenbelt-via-terminal,greenbelt,Ayala Malls Circuit,bus,Circuit to One Ayala P2P,The CityFlats Circuit loading point,One Ayala,Pedestrian connection via Glorietta and Landmark toward Greenbelt 4,inferred,news-and-access-guide,https://www.topgear.com.ph/news/motoring-news/p2p-2026-circuit-makati-one-ayala-a2619-20260428 | https://thebeat.asia/manila/nomads/explore/ayala-center-malls-guide,2026-04-28 bus report; 2026-02-24 access guide,2026-10-09,Choose Greenbelt building; current walk and redevelopment access; not a Greenbelt bus stop,partially-supported,2026-10-09,Circuit to chosen Greenbelt entrance
glorietta-via-terminal,glorietta,Ayala Malls Circuit,bus,Circuit to One Ayala P2P,The CityFlats Circuit loading point,One Ayala,Guide describes third-level connection with Glorietta 5,inferred,news-and-access-guide,https://www.topgear.com.ph/news/motoring-news/p2p-2026-circuit-makati-one-ayala-a2619-20260428 | https://thebeat.asia/manila/nomads/explore/ayala-center-malls-guide,2026-04-28 bus report; 2026-02-24 access guide,2026-10-09,Choose Glorietta section and entrance; confirm access from unloading bay,partially-supported,2026-10-09,Circuit to chosen Glorietta entrance
powerplant-from-guadalupe,powerplant_mall,Guadalupe research-only origin,jeepney,Paco Taft Herran or LRT Taft Bukid signage reported,JP Rizal reached from Guadalupe MRT southbound side,Aruga condominium vicinity reported,Walk into Rockwell to Power Plant Mall,source-reviewed,community-report,https://www.reddit.com/r/HowToGetTherePH/comments/1wi6kgr/from_ayalaguadalupe_mrt_to_powerplant_mallrockwell/,2026-09-16 thread,2026-10-09,Exact safe curb and crossing; match queue to actual direction; Aruga is an alighting lead not a verified stop,partially-supported,2026-10-09,Guadalupe leg plus mall walking access
city-hall-from-landmark,makati_city_hall,The Landmark Makati,jeepney,Makati Loop toward PRC/Puregold,Landmark Makati Loop queue,JP Rizal/Nicanor Garcia vicinity,Walk to City Hall entrance,source-reviewed,community-search-excerpt,https://www.reddit.com/r/makati/comments/1qp205i/landmark_to_makati_city_hall/ | https://www.reddit.com/r/HowToGetTherePH/comments/1vdj8ec/from_one_ayala_to_makati_city_hall/,2026-01-28 and 2026-08-02 threads,2026-10-09,Exact signboard and legal alighting; full Landmark thread retrieval failed,partially-supported,2026-10-09,directional route plus City Hall access
museum-via-terminal,ayala_museum,Ayala Malls Circuit,bus,Circuit to One Ayala P2P,The CityFlats Circuit loading point,One Ayala,Walk to Makati Avenue/De La Rosa in Greenbelt Park; path pending,inferred,news-access-and-primary-address,https://www.topgear.com.ph/news/motoring-news/p2p-2026-circuit-makati-one-ayala-a2619-20260428 | https://www.globe.com.ph/blog/one-ayala-terminal-guide | https://www.ayalamuseum.org/visit,2026 bus and access reports; museum page undated,2026-10-09,Exact pedestrian path and museum entrance; not a museum vehicle stop,partially-supported,2026-10-09,Circuit to museum entrance
one-ayala-from-circuit,one_ayala,Ayala Malls Circuit,bus,Circuit to One Ayala P2P,The CityFlats Circuit loading point,One Ayala,Internal terminal access to chosen arrival site; pending,source-reviewed,news-and-community,https://www.topgear.com.ph/news/motoring-news/p2p-2026-circuit-makati-one-ayala-a2619-20260428 | https://www.reddit.com/r/makati/comments/1t6e4fs/p2p_buses_in_ayala_malls_circuitone_ayala/,2026-04-28 report; May 2026 replies,2026-10-09,See first-journey.md for each remaining detail; current operation and exact bays unconfirmed,partially-supported,2026-10-09,Circuit mall entrance to One Ayala arrival site
salcedo-from-one-ayala,salcedo_weekend_market,One Ayala,jeepney,Makati Loop/PRC reported,One Ayala basement PRC queue candidate,Reposo/Nicanor Garcia,Walk into Salcedo toward market; exact path pending,source-reviewed,community-search-excerpt-and-news,https://www.reddit.com/r/HowToGetTherePH/comments/1jopt1m/one_ayala_to_salcedo_weekend_market/ | https://www.reddit.com/r/HowToGetTherePH/comments/1ch8mul/ | https://www.spot.ph/newsfeatures/mobility/car-free-salcedo-a5229-20260728-bsc,2025 and 2024 community threads; 2026-07-28 news,2026-10-09,August pedestrian pilot is time-limited; current weekend restrictions and market availability not verified,partially-supported,2026-10-09,PRC leg plus market walking access
rcbc-bus-alternative,rcbc_plaza,One Ayala,bus,LRT Buendia-bound city bus,One Ayala bus bay,RCBC vicinity reported,Walk to entrance,source-reviewed,community-and-access-guide,https://www.reddit.com/r/commutersph/comments/1seluiy/one_ayala_to_makati_cbd/ | https://www.globe.com.ph/blog/one-ayala-terminal-guide,2026-04-07 reply; 2026-03-16 guide,2026-10-09,Guide supports route existence; RCBC stop is community evidence; exact bay and legal unloading pending,partially-supported,2026-10-09,One Ayala bus to RCBC entrance
landmark-from-one-ayala-walk,landmark_makati,One Ayala,walking,Pedestrian connection,One Ayala,The Landmark Makati,Via Glorietta 5 and Glorietta 2; guide identifies second-level Landmark connection,source-reviewed,access-guide,https://thebeat.asia/manila/nomads/explore/ayala-center-malls-guide,2026-02-24,2026-10-09,Walking-only option is outside current vehicle-route schema; current access hours and complete path pending,published-confirmed,2026-10-09,published mall-to-mall walking connection
