record_type,record_id,verification_status,verification_scope,supported_details,unresolved_details,source_ids,verification_reviewed_on,runtime_ready
route,circuit-p2p-to-circuit,published-confirmed,named directional bus leg,Bus service and destination sites explicitly published,Precise bay; final mall entrance access; present operating conditions,p2p-report | circuit-outbound-recent | circuit-reliability,2026-10-09,false
route,circuit-p2p-to-one-ayala,published-confirmed,named directional bus leg,CityFlats to One Ayala bus leg explicitly published,Property approach now mapped; exact origin entrance and pickup curb; arrival bay and conditions unresolved,p2p-report | circuit-inbound-recent | circuit-reliability | cityflats-primary-address | circuit-walking-proposal | circuit-provider-stop | one-ayala-provider-a | one-ayala-provider-b,2026-10-09,false
route,makati-loop-landmark-to-city-hall,partially-supported,directional route plus City Hall access,Landmark origin and JP Rizal corridor corroborated,Exact City Hall unloading point and entrance walk; loading coordinates,landmark-city-hall | city-hall-corroboration | loop-provider-map,2026-10-09,false
route,makati-loop-one-ayala-to-city-hall,partially-supported,directional route plus City Hall access,Gate 4 and Reposo corridor have published support,Exact unloading and pedestrian arrival; traditional and electric loop variants not interchangeable,terminal-guide | one-ayala-city-hall | terminal-access,2026-10-09,false
route,makati-loop-to-landmark,partially-supported,City Hall access plus Kalayaan return leg,Return corridor corroborated by provider PDF and newer community advice,City Hall walking approach and exact legal boarding point,return-access | return-direction-recent | loop-provider-map,2026-10-09,false
route,washington-to-rcbc,conflicting,origin queue plus RCBC journey,Route and Lower Ground advice corroborated,UGF versus Lower Ground discrepancy; exact bay and unloading curb,washington-rcbc | washington-floor-recent | terminal-guide | terminal-access,2026-10-09,false
route,makati-loop-to-salcedo,partially-supported,PRC leg plus market walking access,Reposo service appears in provider list and community guidance,Origin queue equivalence; market-specific walking path and availability,salcedo-access | loop-provider-map | terminal-guide,2026-10-09,false
route,prc-to-makati-southpoint,partially-supported,PRC corridor plus Southpoint access,PRC corridor name and San Lorenzo Place access lead corroborated,Exact bay and building-side unloading; canonical service not proven by single reply,southpoint-access | route-catalog,2026-10-09,false
route,libertad-to-don-bosco,conflicting,westbound route plus parish access,Libertad service and parish vicinity supported,Older both-ways parish claim versus current diversion; exact westbound unloading,parish-directions | libertad-direction | terminal-guide | route-catalog,2026-10-09,false
route,guadalupe-to-powerplant,partially-supported,Guadalupe leg plus mall walking access,Reported signage and Aruga-area alighting,Exact curb; eligible queue; pedestrian entrance path,powerplant-access,2026-10-09,false
route,historical-eloop-to-greenbelt,historical,2023 Greenbelt stop claim,Historical publication lists Greenbelt 3,Current stop and direction not established by current loop reports,eloop-history | return-direction-recent,2026-10-09,false
option,ayala-center-via-terminal,partially-supported,Circuit to selected Ayala Center site,Published bus leg and separate place-access evidence,Destination site unspecified; origin pickup access; no complete entrance path,p2p-report | mall-links,2026-10-09,false
option,southpoint-from-mantrade,partially-supported,PRC corridor plus Southpoint access,PRC corridor name and San Lorenzo Place access lead corroborated,Exact bay and building-side unloading; canonical service not proven by single reply,southpoint-access | route-catalog,2026-10-09,false
option,circuit-from-one-ayala,partially-supported,One Ayala to Circuit mall entrance,Published bus leg and separate place-access evidence,Exact bay and pedestrian arrival; service conditions pending,p2p-report | circuit-outbound-recent | circuit-reliability,2026-10-09,false
option,parish-from-one-ayala,conflicting,westbound route plus parish access,Libertad service and parish vicinity supported,Older both-ways parish claim versus current diversion; exact westbound unloading,parish-directions | libertad-direction | terminal-guide | route-catalog,2026-10-09,false
option,rcbc-washington,conflicting,origin queue plus RCBC journey,Route and Lower Ground advice corroborated,UGF versus Lower Ground discrepancy; exact bay and unloading curb,washington-rcbc | washington-floor-recent | terminal-guide | terminal-access,2026-10-09,false
option,sm-makati-via-terminal,partially-supported,Circuit to SM Makati entrance,Published bus leg and separate place-access evidence,Origin walk and bus-bay-to-bridge connection; opening access not established,p2p-report | terminal-access | mall-links,2026-10-09,false
option,landmark-from-city-hall,partially-supported,City Hall access plus Kalayaan return leg,Return corridor corroborated by provider PDF and newer community advice,City Hall walking approach and exact legal boarding point,return-access | return-direction-recent | loop-provider-map,2026-10-09,false
option,greenbelt-via-terminal,partially-supported,Circuit to chosen Greenbelt entrance,Published bus leg and separate place-access evidence,Origin pickup approach; bay-to-mall connection; Greenbelt building unspecified,p2p-report | mall-links,2026-10-09,false
option,glorietta-via-terminal,partially-supported,Circuit to chosen Glorietta entrance,Published bus leg and separate place-access evidence,Origin pickup approach; bay-to-connector path; Glorietta section unspecified,p2p-report | mall-links | terminal-access,2026-10-09,false
option,powerplant-from-guadalupe,partially-supported,Guadalupe leg plus mall walking access,Reported signage and Aruga-area alighting,Exact curb; eligible queue; pedestrian entrance path,powerplant-access,2026-10-09,false
option,city-hall-from-landmark,partially-supported,directional route plus City Hall access,Landmark origin and JP Rizal corridor corroborated,Exact City Hall unloading point and entrance walk; loading coordinates,landmark-city-hall | city-hall-corroboration | loop-provider-map,2026-10-09,false
option,museum-via-terminal,partially-supported,Circuit to museum entrance,Published bus leg and separate place-access evidence,Origin access and complete pedestrian route to museum entrance,p2p-report | terminal-access | museum-address,2026-10-09,false
option,one-ayala-from-circuit,partially-supported,Circuit mall entrance to One Ayala arrival site,Published bus leg and separate place-access evidence,Property approach now mapped; entrance-to-curb connection and arrival bay still unconfirmed,p2p-report | circuit-inbound-recent | circuit-reliability | cityflats-primary-address | circuit-walking-proposal | circuit-provider-stop | one-ayala-provider-a | one-ayala-provider-b,2026-10-09,false
option,salcedo-from-one-ayala,partially-supported,PRC leg plus market walking access,Reposo service appears in provider list and community guidance,Origin queue equivalence; market-specific walking path and availability,salcedo-access | loop-provider-map | terminal-guide,2026-10-09,false
option,rcbc-bus-alternative,partially-supported,One Ayala bus to RCBC entrance,Buendia service and community RCBC advice,Exact bus bay and legal unloading; entrance walk,washington-rcbc | terminal-access,2026-10-09,false
option,landmark-from-one-ayala-walk,published-confirmed,published mall-to-mall walking connection,Guide describes linked mall sequence,Current corridor availability and accessibility are not guaranteed; outside vehicle-only schema,mall-links,2026-10-09,false
destination-access,ayala_center,partially-supported,Circuit to selected Ayala Center site,Published bus leg and separate place-access evidence,Destination site unspecified; origin pickup access; no complete entrance path,p2p-report | mall-links,2026-10-09,false
destination-access,avida_makati_southpoint,partially-supported,PRC corridor plus Southpoint access,PRC corridor name and San Lorenzo Place access lead corroborated,Exact bay and building-side unloading; canonical service not proven by single reply,southpoint-access | route-catalog,2026-10-09,false
destination-access,ayala_malls_circuit,partially-supported,One Ayala to Circuit mall entrance,Published bus leg and separate place-access evidence,Exact bay and pedestrian arrival; service conditions pending,p2p-report | circuit-outbound-recent | circuit-reliability,2026-10-09,false
destination-access,st_john_bosco_parish,conflicting,westbound route plus parish access,Libertad service and parish vicinity supported,Older both-ways parish claim versus current diversion; exact westbound unloading,parish-directions | libertad-direction | terminal-guide | route-catalog,2026-10-09,false
destination-access,rcbc_plaza,conflicting,origin queue plus RCBC journey,Route and Lower Ground advice corroborated,UGF versus Lower Ground discrepancy; exact bay and unloading curb,washington-rcbc | washington-floor-recent | terminal-guide | terminal-access,2026-10-09,false
destination-access,sm_makati,partially-supported,Circuit to SM Makati entrance,Published bus leg and separate place-access evidence,Origin walk and bus-bay-to-bridge connection; opening access not established,p2p-report | terminal-access | mall-links,2026-10-09,false
destination-access,landmark_makati,partially-supported,City Hall access plus Kalayaan return leg,Return corridor corroborated by provider PDF and newer community advice,City Hall walking approach and exact legal boarding point,return-access | return-direction-recent | loop-provider-map,2026-10-09,false
destination-access,greenbelt,partially-supported,Circuit to chosen Greenbelt entrance,Published bus leg and separate place-access evidence,Origin pickup approach; bay-to-mall connection; Greenbelt building unspecified,p2p-report | mall-links,2026-10-09,false
destination-access,glorietta,partially-supported,Circuit to chosen Glorietta entrance,Published bus leg and separate place-access evidence,Origin pickup approach; bay-to-connector path; Glorietta section unspecified,p2p-report | mall-links | terminal-access,2026-10-09,false
destination-access,powerplant_mall,partially-supported,Guadalupe leg plus mall walking access,Reported signage and Aruga-area alighting,Exact curb; eligible queue; pedestrian entrance path,powerplant-access,2026-10-09,false
destination-access,makati_city_hall,partially-supported,directional route plus City Hall access,Landmark origin and JP Rizal corridor corroborated,Exact City Hall unloading point and entrance walk; loading coordinates,landmark-city-hall | city-hall-corroboration | loop-provider-map,2026-10-09,false
destination-access,ayala_museum,partially-supported,Circuit to museum entrance,Published bus leg and separate place-access evidence,Origin access and complete pedestrian route to museum entrance,p2p-report | terminal-access | museum-address,2026-10-09,false
destination-access,one_ayala,partially-supported,Circuit mall entrance to One Ayala arrival site,Published bus leg and separate place-access evidence,Property approach now mapped; entrance-to-curb connection and arrival bay still unconfirmed,p2p-report | circuit-inbound-recent | circuit-reliability | cityflats-primary-address | circuit-walking-proposal | circuit-provider-stop | one-ayala-provider-a | one-ayala-provider-b,2026-10-09,false
destination-access,salcedo_weekend_market,partially-supported,PRC leg plus market walking access,Reposo service appears in provider list and community guidance,Origin queue equivalence; market-specific walking path and availability,salcedo-access | loop-provider-map | terminal-guide,2026-10-09,false
