source_id,url,source_kind,publication_context,retrieval_status,limitations,reviewed_on
p2p-report,https://www.topgear.com.ph/news/motoring-news/p2p-2026-circuit-makati-one-ayala-a2619-20260428,news,2026-04-28,full-page,Named directional bus legs; not exact curb coordinates,2026-10-09
circuit-outbound-recent,https://www.reddit.com/r/HowToGetTherePH/comments/1vxpi0q/one_ayala_to_circuit_makati_power_mac_center/,community,September 2026 indexed thread date,full-page,Corroborates bus option; no verified bay or weekend answer,2026-10-09
circuit-inbound-recent,https://www.reddit.com/r/HowToGetTherePH/comments/1w7pc8k/circuit_makati_to_sm_megamall/,community,September 2026 indexed thread date,full-page,Advice to use P2P to One Ayala; not operator announcement,2026-10-09
circuit-reliability,https://www.reddit.com/r/makati/comments/1t6e4fs/p2p_buses_in_ayala_malls_circuitone_ayala/,community,May 2026 indexed replies,indexed-and-previously-read,Availability and missed-trip reports; not proof of permanent cancellation,2026-10-09
terminal-guide,https://www.spot.ph/newsfeatures/mobility/routes-at-one-ayala-2026-a5229-20260422-bsc,news,2026-04-22,full-page,Gate leads; Washington and electric-jeep lists overlap; retains conflicting UGF claim,2026-10-09
terminal-access,https://www.globe.com.ph/blog/one-ayala-terminal-guide,corporate-access-guide,2026-03-16,full-page,Terminal layout and pedestrian links; route schedules differ from April guide,2026-10-09
landmark-city-hall,https://www.reddit.com/r/makati/comments/1qp205i/landmark_to_makati_city_hall/,community,January 2026 indexed thread date,indexed-excerpt,Journey-specific advice; exact legal curb not established,2026-10-09
one-ayala-city-hall,https://www.reddit.com/r/HowToGetTherePH/comments/1vdj8ec/from_one_ayala_to_makati_city_hall/,community,August 2026 indexed thread date,full-page,Reposo direction and remaining City Hall walk; no bay coordinate,2026-10-09
city-hall-corroboration,https://www.reddit.com/r/HowToGetTherePH/comments/1uzvh0q/one_ayala_to_makati_city_hall/,community,July 2026 indexed thread date,full-page,Landmark option corroboration; MRT transfer alternative excluded from direct-route scope,2026-10-09
return-access,https://www.reddit.com/r/HowToGetTherePH/comments/1awgzho/,community,2024-02-21 indexed thread date,indexed-excerpt,City Hall to Kalayaan access lead; not exact stop,2026-10-09
return-direction-recent,https://www.reddit.com/r/HowToGetTherePH/comments/1wuya51/from_balibago_to_ayala_circuit_mall/,community,2026-10-01 indexed thread date,indexed-excerpt,Kalayaan return versus JP Rizal outbound; does not confirm Greenbelt stop,2026-10-09
loop-provider-map,https://appassets.mvtdev.com/map/41/l/1022/7637911.pdf,route-planner-provider,2026 copyright; publication date not given,full-pdf-text,Two directional Landmark Puregold Loop stop lists; no measured loading coordinates,2026-10-09
washington-rcbc,https://www.reddit.com/r/commutersph/comments/1seluiy/one_ayala_to_makati_cbd/,community,2026-04-07 indexed reply,indexed-and-previously-read,Washington jeep and Buendia bus leads; RCBC unloading point unspecified,2026-10-09
washington-floor-recent,https://www.reddit.com/r/HowToGetTherePH/comments/1u0q1z9/one_ayala_to_paseo_aia_tower/,community,2026 indexed thread; exact reply date not established,full-page,Lower Ground Washington queue corroboration; does not resolve conflicting guide formally,2026-10-09
salcedo-access,https://www.reddit.com/r/HowToGetTherePH/comments/1jopt1m/one_ayala_to_salcedo_weekend_market/,community,2025 indexed thread,indexed-excerpt,PRC and Reposo advice; no market entrance path,2026-10-09
southpoint-access,https://www.reddit.com/r/HowToGetTherePH/comments/1i99pc0/,community,2025-01-25 indexed reply,indexed-and-previously-read,Several jeep signboards mentioned; no proof of identical routes,2026-10-09
route-catalog,https://wiki.openstreetmap.org/wiki/Metro_Manila/Jeepney_and_UV_Express_routes,community-route-catalog,Undated page,full-page,T331 PRC corridor and T337 Libertad-Pasay Road names; not live service or stop proof,2026-10-09
parish-directions,https://www.w.sjbmakati.com/contact-us.html,primary-venue,Older page; publication date not established,indexed-excerpt,Landmark-Libertad corridor and walking access from Pasong Tamo/Arnaiz; current westbound path uncertain,2026-10-09
libertad-direction,https://www.reddit.com/r/commutersph/comments/1s44mcr/jeepney_route_pasay_road_to_libertad/,community,March 2026 indexed thread date,full-page,Westbound diversion differs from eastbound route,2026-10-09
powerplant-access,https://www.reddit.com/r/HowToGetTherePH/comments/1wi6kgr/from_ayalaguadalupe_mrt_to_powerplant_mallrockwell/,community,September 2026 indexed thread date,full-page,Reported Aruga vicinity alighting; not a measured loading or unloading point,2026-10-09
eloop-history,https://www.topgear.com.ph/news/motoring-news/makati-loop-e-jeepney-love-bus-a2619-20230619,news,2023-06-19,full-page,Greenbelt stop historical; no current direction-specific proof,2026-10-09
mall-links,https://thebeat.asia/manila/nomads/explore/ayala-center-malls-guide,published-access-guide,2026-02-24,full-page,Mall walking connections; not guaranteed opening hours or step-free access,2026-10-09
museum-address,https://www.ayalamuseum.org/visit,primary-venue,Undated page,previously-read,Museum address only; no complete terminal-to-entrance path,2026-10-09
cityflats-primary-address,https://thecityflats.com/contact,primary-property,Undated page,rendered-full-page,Confirms Theater Drive address; not the bus curb,2026-10-09
cityflats-google-place,https://www.google.com/maps/search/?api=1&query=The%20CityFlats%20Circuit%20Makati,mapped-property,Place publication date not given,rendered-place-entity,Property coordinate only; not a pickup,2026-10-09
cityflats-osm-building,https://mapcarta.com/W1063170174,osm-derived-building,Undated page,full-page,Residential way reference; preserve OSM attribution,2026-10-09
circuit-walking-proposal,https://www.google.com/maps/dir/?api=1&origin=Ayala%20Malls%20Circuit%20Makati&destination=CityFlats%20Circuit%20Makati&travelmode=walking,online-walking-proposal,Generated proposal retrieved on review date,rendered-directions,Place-to-property endpoints; does not establish actual loading curb or photographed entrance,2026-10-09
circuit-provider-stop,https://busmaps.com/en/philippines/public_transit-stop-Circuit-Makati-13695609524146922564,mapped-transit-provider,Feed freshness not established,rendered-structured-stop,Theater Drive stop record not proven equivalent to CityFlats local pickup,2026-10-09
esakay-provider-terminal,https://busmaps.com/en/philippines/public_transit-stop-esakay-Bus-Terminal-12851190738878459232,mapped-transit-provider,Feed freshness not established,rendered-structured-stop,West Gala terminal is distinct; not adopted as local pickup,2026-10-09
one-ayala-provider-a,https://busmaps.com/en/philippines/public_transit-stop-One-Ayala-8118448937022565449,mapped-transit-provider,Feed freshness not established,rendered-structured-stop,Bus point does not establish route-specific unloading bay,2026-10-09
one-ayala-provider-b,https://busmaps.com/en/philippines/public_transit-stop-One-Ayala-5946107042844433281,mapped-transit-provider,Feed freshness not established,rendered-structured-stop,BusStop structured type versus visible Tram; held from bus-coordinate use,2026-10-09
p36-provider-context,https://busmaps.com/en/philippines/public_transit-line-P36-1782628441-3314908705,mapped-transit-provider,Feed freshness not established,full-page,Noveleta route label and inconsistent stop counts; not proof of CityFlats local-leg eligibility,2026-10-09
one-ayala-lawson-lead,https://www.reddit.com/r/HowToGetTherePH/comments/1mwhoqy,community,2025 indexed thread,indexed-excerpt,Lawson waiting/drop-off vicinity only; no exact bay coordinate,2026-10-09
